---,Question,Behavior,Result,Status,Value,NextQuestion,StatusToBoss,DamageToBoss,Emoticon
M1_00,던전을 탐색하던 도중 주변의 모든 횃불이 꺼졌다.,"(""주변을 탐색한다."",""소리친다."")","(""주변을 탐색하던 도중 횃불을 든 몬스터를 발견했다. 당신은 몬스터를 물리쳐 횃불을 빼앗아 들고 다시 탐사를 이어갔다."",""당신이 깜짝 놀라 소리 지르자 주변에 있던 스켈레톤이 튀어나와 당신을 공격했다."")","(""hp"",""hp"")","(""-5"",""-10"")","("""",""1"")","("""","""")","("""","""")","(""p0"",""p1"")"
M1_10,당신은 마음을 다잡고 전투태세를 갖췄다.,"(""공격한다."",""마법을 사용한다."",""도망친다."")","(""스켈레톤을 물리쳤다."",""마법을 사용해 스켈레톤을 물리쳤다."",""스켈레톤은 마지막까지 쫓아와 당신을 공격했다. 큰 피해를 입었지만 도망에는 성공했다."")","(""hp"",""mp"",""hp"")","(""-18"",""-10"",""-25"")","("""","""","""")","("""","""","""")","("""","""","""")","(""p0"",""p0"",""p4"")"
M1_11,당신은 마음을 다잡고 전투태세를 갖췄다.,"(""공격한다."",""마법을 사용한다."",""도망친다."")","(""스켈레톤은 끈질기게 버티며 당신의 많은 체력을 앗아갔다."",""마법을 사용해 스켈레톤을 물리쳤다."",""스켈레톤은 당신을 공격하며 쫓아왔지만 별 피해 없이 도망칠 수 있었다."")","(""hp"",""mp"",""hp"")","(""-30"",""-10"",""-5"")","("""","""","""")","("""","""","""")","("""","""","""")","(""p1"",""p0"",""p4"")"
M1_12,당신은 마음을 다잡고 전투태세를 갖췄다.,"(""공격한다."",""마법을 사용한다."",""도망친다."")","(""스켈레톤을 물리쳤다."",""스켈레톤은 마법을 맞고도 죽지 않았다. 당신은 한 번 더 마법을 사용해서야 스켈레톤을 물리칠 수 있었다."",""스켈레톤은 당신을 공격하며 쫓아왔지만 별 피해 없이 도망칠 수 있었다."")","(""hp"",""mp"",""hp"")","(""-18"",""-20"",""-5"")","("""","""","""")","("""","""","""")","("""","""","""")","(""p0"",""p2"",""p4"")"
M2_00,당신의 앞에 있는 꺾어진 길에서 달그락거리는 소리가 들렸다.,"(""기습한다."",""도망친다."",""경계하며 기다린다."")","(""당신은 꺾어진 길에서 나오는 무언가를 기습했다. 길에서 나온 몬스터를 쉽게 물리쳤다."",""당신은 재빨리 도망쳤다. 도망치는 와중에 몬스터에게 공격을 받았다."",""몬스터와 조우했다. 치열한 전투 끝에 몬스터를 물리쳤다."")","(""hp"",""hp"",""hp"")","(""-5"",""-10"",""-15"")","("""","""","""")","("""","""","""")","("""","""","""")","(""p0"",""p4"",""p3"")"
M3_00,당신의 반대편에서 누군가가 다가온다.,"(""공격한다."",""경계하며 신상을 묻는다."",""도망친다."")","(""당신은 다가오는 상대를 공격했다. 공격을 받은 몬스터와 전투를 벌였다."",""몬스터는 대답하지 않고 당신을 먼저 공격했다. 치열한 전투 끝에 몬스터를 물리쳤다."",""당신은 재빨리 도망쳤다. 도망치는 와중에 몬스터에게 공격을 받았다."")","(""hp"",""hp"",""hp"")","(""-10"",""-15"",""-5"")","("""","""","""")","("""","""","""")","("""","""","""")","(""p3"",""p2"",""p4"")"
N1_00,슬라임이 당신이 알아채지 못한 틈을 타 바닥의 틈 속에서 습격했다.,"(""공격한다."",""마법을 사용한다."",""도망친다."")","(""슬라임을 물리쳤다."",""슬라임은 마법을 맞고도 죽지 않았다. 당신은 한 번 더 마법을 사용해서야 슬라임을 물리칠 수 있었다."",""슬라임은 당신을 공격하며 쫓아왔지만 별 피해 없이 도망칠 수 있었다."")","(""hp"",""mp"",""hp"")","(""-15,"",""-10"",""-5"")","("""","""","""")","("""","""","""")","("""","""","""")","(""p0"",""p2"",""p4"")"
N2_00,경계하며 던전 안을 걷던 당신에게 꺾어진 길 쪽에서 액체 소리가 들려왔다.,"(""무시하고 뛰어간다."",""기습한다."",""마법을 사용하여 기습한다."",""도망친다."")","(""꺾어진 길에서 슬라임이 당신을 덮쳤다. 당신은 몸을 움직여 겨우 빠져나왔다."",""빠르게 기습하여 슬라임을 물리쳤다."",""슬라임을 물리쳤다."",""당신은 무사히 슬라임에게서 도망쳤다."")","(""hp"",""hp"",""mp"","""")","(""-15"",""-10"",""-5"","""")","("""","""","""","""")","("""","""","""","""")","("""","""","""","""")","(""p1"",""p0"",""p0"",""p4"")"
N3_00,던전 안을 걷던 당신은 슬라임이 꿈틀거리며 이제는 알아볼 수 없어 보이는 형체를 가진 무언가를 녹이고 있는 것을 보았다.,"(""기습한다."",""마법을 사용해 기습한다."",""먹이를 더 던져주고 도망친다."",""도망친다."")","(""빠르게 기습하여 슬라임을 물리쳤다."",""슬라임을 물리쳤다."",""슬라임은 먹이를 먹느라 정신이 없다. 당신은 무사히 도망쳤다."",""당신은 무사히 슬라임에게서 도망쳤다."")","(""hp"",""mp"",""g"","""")","(""-10"",""-5"",""-8"","""")","("""","""","""","""")","("""","""","""","""")","("""","""","""","""")","(""p0"",""p0"",""p0"",""p4"")"
N4_00,던전을 탐색하던 당신은 횃불이 적어진 어둑한 길의 모퉁이에서 뼈가 달그락 거리는 소리를 들었다.,"(""기습한다."",""마법을 사용해 기습한다."",""다른 길을 찾아본다."")","(""빠르게 기습하여 스켈레톤을 물리쳤다."",""당신은 마법을 사용해 스켈레톤이 당신을 목격하기 전에 적을 물리쳤다."",""당신은 다른 길을 찾아보려 주변을 탐색하려 했지만 스켈레톤이 쫓아왔다. 당신은 허겁지겁 도망치느라 돈을 떨어뜨렸다."")","(""hp"",""mp"",""g"")","(""-10"",""-10"",""-5"")","("""","""","""")","("""","""","""")","("""","""","""")","(""p0"",""p0"",""p4"")"
N5_00,어두컴컴한 길에서 당신은 뼈가 어긋난 스켈레톤을 발견했다. 스켈레톤은 당신을 보고 절뚝이며 다가왔다.,"(""공격한다."",""마법을 사용한다."",""도망친다."",""함정을 설치하고 도망친다."")","(""스켈레톤을 물리쳤다."",""스켈레톤은 다쳤지만 당신을 끝까지 쫓아와 기어코 공격을 성공시켰다."",""당신은 스켈레톤이 쫓아오지 못하게 가진 물건으로 함정을 설치한 후 도망쳤다."")","(""hp"",""mp"",""hp"")","(""-5"",""-3"",""-1"")","("""","""","""")","("""","""","""")","("""","""","""")","(""p0"",""p1"",""p0"")"
N6_00,막다른 길에서 상자를 열던 당신의 뒤에서 거대한 쥐가 덮쳐왔다.,"(""반격한다."",""상자를 방패로 싸운다."",""몸싸움을 해서 밀어낸 뒤 도망친다."")","(""당신은 공격해온 쥐를 강하게 쳐올려 반격했다. 무리했는지 평소보다 물리치는데 오래 걸렸다."",""당신은 상자를 방패삼아 뒤에 숨어 쥐를 물리쳤다."",""당신을 덮친 쥐를 그대로 몸으로 들이받아 밀쳐낸 뒤 도망쳤다. 장비가 쥐의 이빨에 걸려 손상을 입었다."")","(""hp"",""hp"",""etr"")","(""-15"",""-8"",""-2"")","("""","""","""")","("""","""","""")","("""","""","""")","(""p2"",""p0"",""p4"")"
N7_00,아무것도 보이지 않는 던전을 걷던 당신은 쥐의 울음소리를 들었다.,"(""바닥을 살피며 공격에 대비한다."",""마법을 사용하여 공격 준비를 한다."",""먹이를 떨어뜨려 쥐를 다른 곳으로 유인한다."")","(""쥐가 바닥에서 튀어나왔지만 대비를 하고 있던 당신은 쉽게 물리칠 수 있었다."",""쥐가 바닥에서 당신을 덮쳤다. 당신은 마법을 사용해서 쥐를 물리쳤지만 마법에 휘말려 피해를 입고 말았다."",""당신은 바닥에 음식을 떨어뜨려 쥐를 다른 곳으로 유인했다."")","(""hp"",""hp,mp"",""g"")","(""-10"",""-5,-5"",""-4"")","("""","""","""")","("""","""","""")","("""","""","""")","(""p0"",""p1"",""p0"")"
N8_00,당신의 맞은편에서 거대한 쥐가 달려왔다.,"(""공격한다."",""마법을 사용한다."",""샛길로 도망친다."",""함정으로 유인한다."")","(""쥐를 물리쳤다."",""쥐를 물리쳤다."",""당신은 바로 옆에 샛길을 발견했다. 재빨리 샛길로 들어가자 쥐는 속도를 못 이기고 그대로 앞으로 지나가버렸다."",""당신은 함정을 봤던 것을 기억해내 쥐를 유인했다. 그러나 쥐를 함정으로 유인하던 도중 공격을 받고 말았다."")","(""hp"",""mp"","""",""hp"")","(""-15"",""-7"","""",""-5"")","("""","""","""","""")","("""","""","""","""")","("""","""","""","""")","(""p0"",""p0"",""p0"",""p1"")"
Z1_00,슬라임이 당신을 습격했다.,"(""무시하고 뛰어간다."",""공격한다."",""마법을 사용한다."",""먹이를 던져주고 도망친다."",""도망친다."")","(""슬라임을 무시하고 도망쳤다."",""슬라임을 물리쳤다."",""슬라임은 마법을 맞고도 죽지 않았다. 당신은 한 번 더 마법을 사용해서야 슬라임을 물리칠 수 있었다."",""슬라임은 먹이를 먹느라 정신이 없다. 당신은 무사히 도망쳤다."",""슬라임은 당신을 공격하며 쫓아왔지만 별 피해 없이 도망칠 수 있었다."")","("""",""hp"",""mp"",""g"",""hp"")","("""",""-15"",""-10"",""-6"",""-3"")","("""","""","""","""","""")","("""","""","""","""","""")","("""","""","""","""","""")","(""p4"",""p0"",""p2"",""p0"",""p4"")"
Z2_00,슬라임이 당신을 습격했다.,"(""무시하고 뛰어간다."",""공격한다."",""마법을 사용한다."",""먹이를 던져주고 도망친다."",""도망친다."")","(""슬라임이 당신을 덮쳤다. 당신은 몸을 움직여 겨우 빠져나왔다."",""빠르게 기습하여 슬라임을 물리쳤다."",""슬라임을 물리쳤다."",""슬라임은 먹이를 무시하고 당신을 공격했다."",""당신은 무사히 슬라임에게서 도망쳤다."")","(""hp"",""hp"",""mp"",""hp,g"","""")","(""-15"",""-10"",""-5"",""-5,-3"","""")","("""","""","""","""","""")","("""","""","""","""","""")","("""","""","""","""","""")","(""p2"",""p0"",""p0"",""p1"",""p4"")"
Z3_00,슬라임이 당신을 습격했다.,"(""무시하고 뛰어간다."",""공격한다."",""마법을 사용한다."",""먹이를 던져주고 도망친다."",""도망친다."")","(""슬라임을 밟고 빠르게 도망갔다. 당신의 장비가 약간 녹슬었다."",""빠르게 기습하여 슬라임을 물리쳤다."",""슬라임을 물리쳤다."",""던져준 먹이에 독이 있었는지 슬라임이 죽어버렸다. 전리품을 획득했다."",""당신은 무사히 슬라임에게서 도망쳤다."")","(""dotetr,dt"",""hp"",""mp"",""g"","""")","(""-1,5"",""-10"",""-5"",""5"","""")","("""","""","""","""","""")","("""","""","""","""","""")","("""","""","""","""","""")","(""p4"",""p0"",""p0"",""p0"",""p4"")"
Z4_00,스켈레톤이 공격해왔다.,"(""공격한다."",""마법을 사용한다."",""도망친다."",""함정을 설치하고 도망친다."")","(""빠르게 기습하여 스켈레톤을 물리쳤다."",""당신은 마법을 사용하려했지만 실패하고 몸으로 전투를 벌였다."",""당신은 무사히 스켈레톤에게서 도망쳤다."",""당신은 스켈레톤이 쫓아오지 못하게 가진 물건으로 함정을 설치했다. 안전지대를 확보한 후 체력을 회복했다."")","(""hp"",""hp"","""",""hp,g"")","(""-10"",""-10"","""",""5,-1"")","("""","""","""","""")","("""","""","""","""")","("""","""","""","""")","(""p0"",""p0"",""p4"",""p0"")"
Z5_00,스켈레톤이 공격해왔다.,"(""공격한다."",""마법을 사용한다."",""도망친다."",""함정을 설치하고 도망친다."")","(""스켈레톤을 물리쳤다."",""스켈레톤을 물리쳤다."",""스켈레톤은 당신을 끝까지 쫓아와 기어코 공격을 성공시켰다."",""당신은 스켈레톤이 쫓아오지 못하게 가진 물건으로 함정을 설치한 후 도망쳤다."")","(""hp"",""mp"",""hp"",""g"")","(""-8"",""-4"",""-4"",""-4"")","("""","""","""","""")","("""","""","""","""")","("""","""","""","""")","(""p0"",""p0"",""p1"",""p4"")"
Z6_00,거대한 쥐가 덮쳐왔다.,"(""반격한다."",""공격에 대비한다."",""마법을 사용하여 공격 준비를 한다."",""몸싸움을 해서 밀어낸 뒤 도망친다."",""먹이를 떨어뜨려 쥐를 다른 곳으로 유인한다."")","(""당신은 공격해온 쥐를 강하게 쳐올려 반격했다. 무리했는지 평소보다 물리치는데 오래 걸렸다."",""쥐가 당신을 빠르게 공격했지만 대비를 하고 있던 당신은 쉽게 물리칠 수 있었다."",""쥐가 빠르게 당신을 덮쳤다. 당신은 마법을 사용해서 쥐를 물리쳤지만 마법에 휘말려 피해를 입고 말았다."",""당신을 덮친 쥐를 그대로 몸으로 들이받아 밀쳐낸 뒤 도망쳤다."",""당신은 바닥에 음식을 떨어뜨려 쥐를 다른 곳으로 유인했다."")","(""hp"",""hp"",""hp,mp"","""",""g"")","(""-15"",""-10"",""-5,-5"","""",""-4"")","("""","""","""","""","""")","("""","""","""","""","""")","("""","""","""","""","""")","(""p1"",""p0"",""p2"",""p4"",""p0"")"
Z7_00,거대한 쥐가 덮쳐왔다.,"(""반격한다."",""공격에 대비한다."",""마법을 사용하여 공격 준비를 한다."",""몸싸움을 해서 밀어낸 뒤 도망친다."",""먹이를 떨어뜨려 쥐를 다른 곳으로 유인한다."")","(""당신은 쥐의 공격을 가볍게 회피하고 쥐를 물리쳤다."",""쥐의 공격에 대비를 하고 있던 당신은 뒤에서 습격한 쥐 때문에 치열한 전투를 벌여야했다."",""당신의 마법으로 쥐는 통구이가 되었다."",""당신을 덮친 쥐를 그대로 몸으로 들이받아 밀쳐낸 뒤 도망쳤다. 장비가 쥐의 이빨에 걸려 손상을 입었다."",""당신은 바닥에 음식을 떨어뜨려 쥐를 다른 곳으로 유인하려고 했지만 쥐는 당신을 공격했다."")","(""hp"",""hp"",""mp"",""etr"",""g,hp"")","(""-5"",""-20"",""-3"",""-2"",""2,-5"")","("""","""","""","""","""")","("""","""","""","""","""")","("""","""","""","""","""")","(""p0"",""p1"",""p0"",""p2"",""p1"")"
Z8_00,거대한 쥐가 덮쳐왔다.,"(""반격한다."",""공격에 대비한다."",""마법을 사용하여 공격 준비를 한다."",""몸싸움을 해서 밀어낸 뒤 도망친다."",""먹이를 떨어뜨려 쥐를 다른 곳으로 유인한다."")","(""당신은 쥐의 공격을 모두 회피하고 쥐를 물리쳤다."",""쥐는 당신의 앞에서 이빨을 세우다가 다른 곳으로 가버렸다."",""쥐의 공격에 마법을 실패하고 몸싸움으로 쥐를 물리쳤다."",""당신을 덮친 쥐를 그대로 몸으로 들이받아 밀쳐낸 뒤 도망쳤다. 장비가 쥐의 이빨에 걸려 심한 손상을 입었다."",""당신은 바닥에 다량의 음식을 떨어뜨려 쥐를 다른 곳으로 유인했다."")","("""","""",""hp,mp"",""etr"",""g"")","("""","""",""-10,-5"",""-3"",""-6"")","("""","""","""","""","""")","("""","""","""","""","""")","("""","""","""","""","""")","(""p0"",""p2"",""p1"",""p4"",""p0"")"
S1_00,던전을 탐색하던 도중 주변의 모든 횃불이 꺼졌다.,"(""주변을 탐색한다."",""소리친다."")","(""당신은 마법을 사용하여 탐색을 이어갔다."",""!@#$!!^!$@!$%"")","(""mp"","""")","(""-10"","""")","("""",""1"")","("""","""")","("""","""")","(""p0"",""p5"")"
S1_10,당신의 목소리를 들은 누군가가 다가왔다.,"(""도망친다."",""대화한다."")","(""당신은 다가오는 상대의 반대편으로 도망쳤다. 아무것도 보이지 않아 벽에 긁혀 상처를 입었다."",""당신은 상대가 접근하기 전에 상대에게 자신을 밝히라고 말했다."")","(""hp"","""")","(""-3"","""")","("""",""S4"")","("""","""")","("""","""")","(""p4"",""p5"")"
S2_00,당신의 앞에 있는 꺾어진 길에서 달그락거리는 소리가 들렸다.,"(""기습한다."",""도망친다."",""경계하며 기다린다."")","(""당신은 꺾어진 길에서 나오는 무언가를 기습했다. 길에서 나온 상인은 독약을 당신에게 던지고 도망쳤다. 당신의 살이 타들어 간다."",""당신은 재빨리 도망쳤다. 누군가가 쫓아 오지는 않았다."","""")","(""dothp,dt"","""","""")","(""-5,10"","""","""")","("""","""",""S4"")","("""","""","""")","("""","""","""")","(""p1"",""p4"",""p5"")"
S3_00,당신의 반대편에서 누군가가 다가온다.,"(""공격한다."",""경계하며 신상을 묻는다."",""도망친다."")","(""당신은 다가오는 상대를 공격했다. 공격을 받은 사람은 곧장 도망쳐버렸다."","""",""당신은 재빨리 도망쳤다. 누군가가 쫒아오지는 않았다."")","("""","""","""")","("""","""","""")","("""",""S4"","""")","("""","""","""")","("""","""","""")","(""p2"",""p5"",""p4"")"
S4_00,당신에게 다가온 사람은 자신을 상인이라고 밝혔다. 당신에게 자신과 거래를 할 것인지 물었다.,"(""그렇다."",""아니다."")","("""",""상인은 떠났다."")","("""","""")","("""","""")","(""1"","""")","("""","""")","("""","""")","(""p5"",""p6"")"
S4_10,상인은 당신에게 물건들을 보여주었다.,"(""회복 물약을 산다."",""마나 물약을 산다."",""다른 물건을 찾는다."",""괜찮다고 한다."")","(""당신은 돈을 지불하고 회복 약을 사서 마셨다."",""당신은 돈을 지불하고 마나 물약을 사서 마셨다."",""당신은 다른 물건을 찾아보았다."",""상인은 고개를 끄덕이며 자리를 떠났다."")","(""hp,g"",""mp,g"","""","""")","(""20,-8"",""20,-16"","""","""","""")","(""1"",""1"",""1"","""")","("""","""","""","""")","("""","""","""","""")","(""p7"",""p7"",""p7"",""p6"")"
B1_00,던전을 탐색하던 도중 주변의 모든 횃불이 꺼졌다.,"(""주변을 탐색한다."",""소리친다."")","(""당신은 몬스터와 마주쳤다."",""!^#!$!@^%!"")","("""","""")","("""","""")","(""ZR"",""1"")","("""","""")","("""","""")","(""p2"",""p5"")"
B1_10,당신의 목소리를 들은 누군가가 다가왔다.,"(""도망친다."",""대화한다."")","(""당신은 다가오는 상대의 반대편으로 도망쳤다. 아무것도 보이지 않아 벽에 긁혀 상처를 입었다."",""당신은 상대가 접근하기 전에 상대에게 자신을 밝히라고 말했다."")","(""hp"","""")","(""-3"","""")","("""",""B4"")","("""","""")","("""","""")","(""p4"",""p5"")"
B2_00,당신의 앞에 있는 꺾어진 길에서 달그락거리는 소리가 들렸다.,"(""기습한다."",""도망친다."",""경계하며 기다린다."")","(""당신은 꺾어진 길에서 나오는 무언가를 기습했다. 길에서 나온 대장장이는 모루를 당신에게 던지고 도망쳤고, 당신의 장비가 모루에 맞아 손상되었다."",""당신은 재빨리 도망쳤다. 누군가가 쫓아 오지는 않았다."","""")","(""etr"","""","""")","(""-5"","""","""")","("""","""",""B4"")","("""","""","""")","("""","""","""")","(""p1"",""p4"",""p5"")"
B3_00,당신의 반대편에서 누군가가 다가온다.,"(""공격한다."",""경계하며 신상을 묻는다."",""도망친다."")","(""당신은 다가오는 상대를 공격했다. 공격을 받은 사람은 곧장 도망쳐버렸다."","""",""당신은 재빨리 도망쳤다. 누군가가 쫒아오지는 않았다."")","("""","""","""")","("""","""","""")","("""",""B4"","""")","("""","""","""")","("""","""","""")","(""p2"",""p5"",""p4"")"
B4_00,당신에게 다가온 사람은 자신을 대장장이라고 밝혔다. 당신에게 자신과 거래를 할 것인지 물었다.,"(""그렇다."",""아니다."")","("""",""대장장이는 떠났다."")","("""","""")","("""","""")","(""1"","""")","("""","""")","("""","""")","(""p5"",""p6"")"
B4_10,대장장이는 당신에게 장비 강화를 할 것인지 물었다.,"(""강화 한다."",""강화 한다."",""그만한다."")","(""장비 강화에 성공했다. 장비의 등급이 올라갔다."",""장비 강화에 실패했다. 장비의 등급이 내려갔다."",""대장장이는 자리를 떠났다."")","(""etr,g"",""etr,g"","""")","(""10,-8"",""-5,-4"","""")","(""1"",""1"","""")","("""","""","""")","("""","""","""")","(""p0"",""p1"",""p6"")"
E1_00,던전을 탐색하던 도중 주변의 모든 횃불이 꺼졌다.,"(""주변을 탐색한다."",""주변을 공격하며 나아간다."",""마법을 사용한다."",""소리친다."")","(""아무 것도 보이지 않는 던전을 탐색하던 당신은 돌연 바닥이 꺼지는 것을 느꼈다."",""아무 것도 보이지 않는 던전에서 허공을 공격하며 나아가던 당신은 돌연 바닥이 꺼지는 것을 느꼈다."",""주변에 적은 없었으며 함정이 있었다. 마법을 쓰며 나아가면 불빛이 있는 곳으로 갈 수 있다."",""당신에게 몬스터가 괴성을 지르며 습격했다. 당신은 허겁지겁 반격해 몬스터를 물리쳤다."")","(""hp"",""hp"",""mp"",""hp"")","(""-10"",""-10"",""-5"",""-5"")","(""E2"",""E2"","""","""")","("""","""","""","""")","("""","""","""","""")","(""p1"",""p1"",""p0"",""p2"")"
E2_00,당신은 깊은 구덩이에 빠졌다. 떨어진 시간으로 보아 다시 올라가는 것은 불가능해 보인다. 하지만 주변은 넓게 트여 있었다.,"(""당신은 꺾어진 길에서 나오는 무언가를 기습했다. 길에서 나온 상인은 독약을 당신에게 던지고 도망쳤다. 당신의 살이 타들어 간다."",""당신은 재빨리 도망쳤다. 누군가가 쫓아 오지는 않았다."","""")","(""주변을 탐색하던 도중 출구를 발견했다."",""당신은 아무 것도 보이지 않는 던전을 탐색하며 나아갔지만 아무런 일도 생기지 않았다."",""당신은 컴컴한 던전을 탐색하다 함정에 걸려 출혈이 생겼다."",""당신은 주변을 공격하며 나아가던 도중 부서지는 벽을 발견했다. 당신은 벽을 허물고 불빛이 있는 곳으로 이동했다."","""")","("""","""",""dothp,dt"","""","""")","("""","""",""-5,5"","""","""")","("""",""1"",""1"","""",""2"")","("""","""","""","""","""")","("""","""","""","""","""")","(""p0"",""p2"",""p1"",""p0"",""p3"")"
E2_10,빠져나갈 곳이 보이지 않는다.,"(""주변을 탐색한다."",""주변을 탐색한다."",""주변을 탐색한다."",""주변을 공격하며 나아간다."",""주변을 공격하며 나아간다."")","(""주변을 탐색하던 도중 출구를 발견했다."",""당신은 아무 것도 보이지 않는 던전을 탐색하며 나아갔지만 아무런 일도 생기지 않았다."",""당신은 컴컴한 던전을 탐색하다 함정에 걸려 출혈이 생겼다."",""당신은 주변을 공격하며 나아가던 도중 부서지는 벽을 발견했다. 당신은 벽을 허물고 불빛이 있는 곳으로 이동했다."","""")","("""","""",""dothp,dt"","""","""")","("""","""",""-5,5"","""","""")","("""",""1"",""1"","""",""2"")","("""","""","""","""","""")","("""","""","""","""","""")","(""p0"",""p2"",""p1"",""p0"",""p3"")"
E2_20,공격하며 길을 나아가던 당신은 무언가가 당신의 무기에 맞는 것을 느꼈다. 아무것도 보이지 않아 무엇이 맞았는지 판별할 수 없었다.,"(""계속해서 공격한다."",""반응을 살핀다."")","(""당신은 빠르게 다시 공격했다. 상대는 몬스터였는지 괴성을 지르며 쓰러졌다. 당신은 다시 탐색에 나섰다."",""상대는 몬스터였다. 당신은 서둘러 공격했으나 적은 피해를 입고 물리칠 수 있었다."")","("""",""hp"")","("""",""-5"")","(""2"",""2"")","("""","""")","("""","""")","(""p2"",""p1"")"
E2_21,공격하며 길을 나아가던 당신은 무언가가 당신의 무기에 맞는 것을 느꼈다. 아무것도 보이지 않아 무엇이 맞았는지 판별할 수 없었다.,"(""계속해서 공격한다."",""반응을 살핀다."")","(""당신은 빠르게 다시 공격했다. 하지만 그것은 벽이었는지 당신의 장비만이 닳았다."",""벽을 공격했었던 것 같다. 당신은 약간의 부끄러움을 느끼며 다시 탐사를 진행했다."")","(""etr"","""")","(""-1"","""")","(""2"",""2"")","("""","""")","("""","""")","(""p1"",""p2"")"
E2_22,공격하며 길을 나아가던 당신은 무언가가 당신의 무기에 맞는 것을 느꼈다. 아무것도 보이지 않아 무엇이 맞았는지 판별할 수 없었다.,"(""계속해서 공격한다."",""반응을 살핀다."")","(""당신은 빠르게 다시 공격했다. 그러자 무언가 허물어지는 소리가 들리며 빛이 새어나왔다. 당신은 벽을 마저 허물고 다시 던전 탐사를 진행했다."",""벽을 공격했었던 것 같다. 당신은 약간의 부끄러움을 느끼며 다시 탐사를 진행했다."")","("""","""")","("""","""")","("""",""2"")","("""","""")","("""","""")","(""p0"",""p2"")"
E2_23,공격하며 길을 나아가던 당신은 무언가가 당신의 무기에 맞는 것을 느꼈다. 아무것도 보이지 않아 무엇이 맞았는지 판별할 수 없었다.,"(""계속해서 공격한다."",""반응을 살핀다."")","(""당신은 빠르게 다시 공격했다. 상대는 몬스터였는지 괴성을 지르며 쓰러졌다. 당신은 다시 탐색에 나섰다."",""상대는 사람이었다. 당신은 사죄를 표하며 약간의 돈을 주어 이곳을 빠져나가게 해달라고 부탁했다. 모험가는 큰 상처는 아니라며 흔쾌히 안내해주었다."")","("""",""g"")","("""",""-5"")","(""2"","""")","("""","""")","("""","""")","(""p2"",""p0"")"
E3_00,던전을 탐색하던 도중 주변의 모든 횃불이 꺼졌다.,"(""주변을 탐색한다."",""주변을 공격하며 나아간다."")","(""주변을 탐색하던 도중 횃불을 든 몬스터를 발견했다. 당신은 몬스터를 물리쳐 횃불을 빼앗아 들고 다시 탐사를 이어갔다."",""당신은 주변을 공격하며 나아가던 도중 부서지는 벽을 발견했다. 당신은 벽을 허물고 불빛이 있는 곳으로 이동했다."")","(""hp"","""")","(""-5"","""")","("""","""")","("""","""")","("""","""")","(""p0"",""p0"")"
E4_00,던전을 탐색하던 도중 주변의 모든 횃불이 꺼졌다.,"(""주변을 탐색한다."",""주변을 공격하며 나아간다."")","(""당신은 마법을 사용하여 탐색을 이어갔다"",""당신의 공격을 맞은 정체불명의 몬스터가 당신을 공격했다. 몬스터는 물리쳤지만 앞이 보이지 않아 큰 피해를 입었다."")","(""mp"",""hp"")","(""-10"",""-15"")","("""",""1"")","("""","""")","("""","""")","(""p0"",""p1"")"
E4_10,불빛이 없어 앞이 보이지 않는다.,"(""주변을 공격하며 나아간다."",""마법을 사용한다."",""주변을 공격하며 나아간다."",""마법을 사용한다."")","(""당신의 공격을 맞은 정체불명의 몬스터가 당신을 공격했다. 몬스터는 물리쳤지만 앞이 보이지 않아 큰 피해를 입었다"",""마법을 사용하자 불빛을 본 몬스터들이 당신을 공격해왔다. 당신은 마법으로 몬스터들을 물리쳤다."",""당신은 주변을 공격하며 나아가던 도중 부서지는 벽을 발견했다. 당신은 벽을 허물고 불빛이 있는 곳으로 이동했다."",""주변에 적이 없다. 당신은 마법을 쓰며 나아가 불빛이 있는 곳으로 빠져나왔다."")","(""hp"",""mp"","""",""mp"")","(""-25"",""-5"","""",""-10"")","(""1"",""1"","""","""")","("""","""","""","""")","("""","""","""","""")","(""p1"",""p2"",""p0"",""p0"")"
E5_00,던전이 지진이 난 것처럼 흔들린다.,"(""주변을 탐색한다."",""가만히 대기한다."",""달려간다."")","(""아무 것도 보이지 않는 던전을 탐색하던 당신은 돌연 바닥이 꺼지는 것을 느꼈다."",""잠시 후 던전의 흔들림이 멈추었다. 당신은 탐색을 이어갔다."",""두려움에 달려가던 당신은 어느샌가 흔들림이 멈춘 것을 깨달았다."")","(""hp"","""","""")","(""-10"","""","""")","(""E2"","""","""")","("""","""","""")","("""","""","""")","(""p1"",""p0"",""p2"")"
E6_00,던전이 지진이 난 것처럼 흔들린다.,"(""주변을 탐색한다."",""가만히 대기한다."",""달려간다."")","(""잠시 뒤 지진이 멈추었다."",""당신은 균형을 잃고 뒤에 있던 함정으로 떨어졌다."",""두려움에 달려가던 당신은 어느샌가 흔들림이 멈춘 것을 깨달았다."")","("""",""hp"","""")","("""",""-10"","""")","("""",""E2"","""")","("""","""","""")","("""","""","""")","(""p1"",""p0"",""p2"")"
E7_00,던전이 지진이 난 것처럼 흔들린다.,"(""주변을 탐색한다."",""가만히 대기한다."",""달려간다."")","(""잠시 뒤 지진이 멈추었다."",""잠시 후 던전의 흔들림이 멈추었다. 당신은 탐색을 이어갔다."",""달려가던 당신은 앞에 있던 함정을 보지 못하고 떨어졌다."")","("""","""",""hp"")","("""","""",""-10"")","("""","""",""E2"")","("""","""","""")","("""","""","""")","(""p1"",""p0"",""p2"")"
O1_00,당신의 앞에 상자가 놓여있다.,"(""열어본다."",""열어본다."",""지나간다."")","("""",""상자는 미믹이었다."",""자리를 떠났다."")","("""",""hp"","""")","("""",""-5"","""")","(""1"",""2"","""")","("""","""","""")","("""","""","""")","(""p3"",""p2"",""p8"")"
O1_10,상자를 열어보니 물약이 들어있다.,"(""마신다."",""그냥 간다."")","(""물약은 독약이었다."",""자리를 떠났다."")","(""dothp,dt"","""")","(""-4,5"","""")","("""","""")","("""","""")","("""","""")","(""p1"",""p8"")"
O1_11,상자를 열어보니 물약이 들어있다.,"(""마신다."",""그냥 간다."")","(""물약은 회복 물약이었다."",""자리를 떠났다."")","(""hp"","""")","(""20"","""")","("""","""")","("""","""")","("""","""")","(""p0"",""p8"")"
O1_12,상자를 열어보니 물약이 들어있다.,"(""마신다."",""그냥 간다."")","(""물약은 마나 물약이었다."",""자리를 떠났다."")","(""mp"","""")","(""10"","""")","("""","""")","("""","""")","("""","""")","(""p0"",""p8"")"
O1_13,상자를 열어보니 물약이 들어있다.,"(""마신다."",""그냥 간다."")","(""물약은 마나 중독 약이었다."",""자리를 떠났다."")","(""dotmp,dt"","""")","(""-2,5"","""")","("""","""")","("""","""")","("""","""")","(""p1"",""p8"")"
O1_14,상자를 열어보니 돈이 들어있다.,"(""마신다."",""그냥 간다."")","(""돈을 가지고 탐색에 나섰다."",""자리를 떠났다."")","(""g"","""")","(""20"","""")","("""","""")","("""","""")","("""","""")","(""p0"",""p8"")"
O1_15,상자를 열어보니 돈이 들어있다.,"(""마신다."",""그냥 간다."")","(""돈을 가져가려는 순간 쥐가 당신의 음식을 훔쳐갔다."",""자리를 떠났다."")","(""g"","""")","(""-10"","""")","("""","""")","("""","""")","("""","""")","(""p1"",""p8"")"
O1_20,미믹은 당신을 위협하고 있다.,"(""공격한다."",""그냥 간다."",""그냥 간다."")","(""미믹을 물리치고 전리품을 획득했다."",""미믹은 당신을 끈질기게 공격해 조금의 상처를 입혔다."",""자리를 떠났다."")","(""hp,g"",""hp"","""")","(""-2,8"",""-5"","""")","("""","""","""")","("""","""","""")","("""","""","""")","(""p0"",""p1"",""p8"")"
O2_00,던전을 탐색하던 도중 주변의 모든 횃불이 꺼졌다.,"(""주변을 탐색한다."",""마법을 사용한다."",""소리친다."")","(""탐색을 하던 당신은 불빛이 있는 곳을 발견했다."",""마법을 사용해 이동하던 당신은 불빛이 있는 곳을 발견했다."",""당신이 깜짝 놀라 소리 질렀으나 아무런 일도 일어나지 않았다."")","("""",""mp"","""")","("""",""-10"","""")","(""1"",""1"",""3"")","("""","""","""")","("""","""","""")","(""p0"",""p0"",""p2"")"
O2_10,불빛이 있는 곳에는 상자가 놓여있었다.,"(""연다."",""그냥 간다."")","("""",""자리를 떠났다."")","("""","""")","("""","""")","(""2"","""")","("""","""")","("""","""")","(""p3"",""p8"")"
O2_20,상자를 열어보니 물약이 들어있다.,"(""마신다."",""마신다."",""그냥 간다."")","(""물약은 마나 물약이었다."",""물약은 회복 물약이었다."",""자리를 떠났다."")","(""mp"",""hp"","""")","(""8"",""15"","""")","("""","""","""")","("""","""","""")","("""","""","""")","(""p0"",""p0"",""p8"")"
O2_21,상자를 열어보니 물약이 들어있다.,"(""마신다."",""마신다."",""그냥 간다."")","(""물약은 독약이었다."",""물약은 마나 중독약이였다."",""자리를 떠났다."")","(""dothp,dt"",""dotmp,dt"","""")","(""-4,5"",""-2,5"","""")","("""","""","""")","("""","""","""")","("""","""","""")","(""p1"",""p1"",""p8"")"
O2_22,상자를 열어보니 돈이 들어있다.,"(""가져간다."",""가져간다."",""그냥 간다."")","(""돈을 가지고 탐색에 나섰다."",""돈을 가져가려는 순간 쥐가 당신의 음식을 훔쳐갔다."",""자리를 떠났다."")","(""g"",""g"","""")","(""10"",""-3"","""")","("""","""","""")","("""","""","""")","("""","""","""")","(""p0"",""p1"",""p8"")"
O2_30,불빛이 없어 앞이 보이지 않는다.,"(""주변을 탐색한다."",""마법을 사용한다."",""소리친다."",""주변을 탐색한다."",""주변을 탐색한다."")","(""탐색을 하던 당신은 불빛이 있는 곳을 발견했다."",""마법을 사용해 이동하던 당신은 불빛이 있는 곳을 발견했다."",""당신이 깜짝 놀라 소리 질렀으나 아무런 일도 일어나지 않았다."",""탐색을 해보았지만 아무런 일도 일어나지 않았다."","""")","("""",""mp"","""","""","""")","("""",""-10"","""","""","""")","(""1"",""1"",""3"",""3"",""4"")","("""","""","""","""","""")","("""","""","""","""","""")","(""p0"",""p0"",""p2"",""p2"",""p8"")"
O2_40,탐색을 하던 당신은 휘황찬란한 상자를 발견했다.,"(""상자를 연다."",""상자를 연다."")","("""","""")","("""","""")","("""","""")","(""5"",""6"")","("""","""")","("""","""")","(""p3"",""p3"")"
O2_50,상자를 열어보니 대형 물약이 들어있다.,"(""마신다."",""마신다."")","(""물약은 회복 물약이었다."",""물약은 마나 물약이었다."")","(""hp"",""mp"")","(""50"",""25"")","("""","""")","("""","""")","("""","""")","(""p0"",""p0"")"
O2_60,상자를 열어보니 돈과 보물들이 들어있다. 다는 못 챙길 것 같다.,"(""가져간다."",""가져간다."")","(""당신은 고급 장비를 얻었다."",""당신은 대량의 돈을 얻었다."")","(""etr"",""g"")","(""20"",""30"")","("""","""")","("""","""")","("""","""")","(""p0"",""p0"")"
A1_00,던전을 탐색하던 도중 주변의 모든 횃불이 꺼졌다.,"(""주변을 탐색한다."",""소리친다."")","(""주변을 탐색하던 도중 횃불을 든 몬스터를 발견했다. 당신은 몬스터를 물리쳐 횃불을 빼앗아 들고 다시 탐사를 이어갔다."","""")","(""hp"","""")","(""-5"","""")","(""1"","""")","("""","""")","("""","""")","(""p0"",""p3"")"
A1_10,당신의 목소리를 들은 누군가가 다가왔다.,"(""도망친다."",""대화한다."")","(""당신은 다가오는 상대의 반대편으로 도망쳤다. 아무것도 보이지 않아 벽에 긁혀 상처를 입었다."",""당신은 상대가 접근하기 전에 상대에게 자신을 밝히라고 말했다."")","(""hp"","""")","(""-3"","""")","("""",""A4"")","("""","""")","("""","""")","(""p4"",""p5"")"
A2_00,당신의 반대편에서 누군가가 다가온다.,"(""공격한다."",""경계하며 신상을 묻는다."",""도망친다."")","(""당신은 다가오는 상대를 공격했다. 공격을 받은 모험가는 당신에게 반격했다. 당신은 황급히 도망쳤다."","""",""당신은 재빨리 도망쳤다. 누군가가 쫓아 오지는 않았다."")","(""hp"","""","""")","(""-5"","""","""")","("""",""A4"","""")","("""","""","""")","("""","""","""")","(""p2"",""p5"",""p4"")"
A3_00,당신의 앞에 있는 꺾어진 길에서 달그락거리는 소리가 들렸다.,"(""기습한다."",""도망친다."",""경계하며 기다린다."")","(""당신은 꺾어진 길에서 나오는 무언가를 기습했다. 길에서 나온 모험가는 당신에게 반격했다."",""당신은 재빨리 도망쳤다. 누군가가 쫓아 오지는 않았다."","""")","(""hp"","""","""")","(""-10"","""","""")","(""A5"","""",""A4"")","("""","""","""")","("""","""","""")","(""p1"",""p4"",""p8"")"
A4_00,당신에게 다가온 사람은 자신을 모험가라고 밝혔다.,"(""도움을 청한다."",""도움을 청한다."",""신경 쓰지 말라고 한다."",""공격한다."")","("""",""모험가는 당신을 공격했다."",""모험가는 자리를 떠났다."",""모험가는 당신에게 반격했다."")","("""",""hp"","""",""hp"")","("""",""-10"","""",""-5"")","(""1"",""2"","""",""2"")","("""","""","""","""")","("""","""","""","""")","(""p5"",""p2"",""p8"",""p2"")"
A4_10,모험가는 무엇을 도와주면 좋겠는지 물었다.,"(""치료를 부탁한다."",""돈을 달라고 한다."",""길 안내를 부탁한다."",""길 안내를 부탁한다."",""길 안내를 부탁한다."")","(""모험가는 당신을 치료해주었다."",""모험가는 당신에게 돈을 쥐어주었다."",""모험가는 당신을 보물 방으로 안내해주었다."",""모험가는 당신을 출구로 안내해주었다."",""모험가는 당신을 상자가 있는 곳으로 안내해주었다."")","(""hp"",""g"","""","""","""")","(""20"",""10"","""","""","""")","("""","""",""W1"",""X1"",""O1"")","("""","""","""","""","""")","("""","""","""","""","""")","(""p0"",""p0"",""p0"",""p0"",""p0"")"
A4_20,모험가가 경계하고 있다.,"(""공격한다."",""공격한다."",""마법을 사용한다."",""마법을 사용한다."",""도망친다."",""도망친다."")","(""모험가는 당신의 공격을 회피하고 당신을 공격했다."",""모험가가 쓰러졌다. 전리품을 획득했다."",""모험가는 당신의 마법 시전을 방해했다. 마법이 실패했다."",""모험가가 쓰러졌다. 마법에 휘말려 물약만이 남았다."",""도망에 실패하여 모험가에게 공격받았다."",""도망에 성공했다. 도망치며 모험가의 금품을 탈취했다."")","(""hp"",""g"",""mp"",""hp,mp"",""hp"",""g"")","(""-5"",""20"",""-3"",""10,5"",""-10"",""10"")","(""2"","""",""2"","""",""2"","""")","("""","""","""","""","""","""")","("""","""","""","""","""","""")","(""p1"",""p0"",""p1"",""p0"",""p1"",""p0"")"
A5_00,당신에 앞에 선 모험가가 당신을 위협하고 있다.,"(""공격한다."",""공격한다."",""마법을 사용한다."",""마법을 사용한다."",""도망친다."",""도망친다."")","(""모험가는 당신의 공격을 회피하고 당신을 공격했다."",""모험가가 쓰러졌다. 전리품을 획득했다."",""모험가는 당신의 마법 시전을 방해했다. 마법이 실패했다."",""모험가가 쓰러졌다. 마법에 휘말려 물약만이 남았다."",""도망에 실패하여 모험가에게 공격받았다."",""도망에 성공했다. 도망치며 모험가의 금품을 탈취했다."")","(""hp"",""g"",""mp"",""hp,mp"",""hp"",""g"")","(""-5"",""20"",""-3"",""10,5"",""-10"",""10"")","(""0"","""",""0"","""",""0"","""")","("""","""","""","""","""","""")","("""","""","""","""","""","""")","(""p1"",""p0"",""p1"",""p0"",""p1"",""p0"")"
P1_00,던전을 탐색하던 도중 주변의 모든 횃불이 꺼졌다.,"(""주변을 탐색한다."",""소리친다."")","(""주변을 탐색하던 도중 횃불을 든 몬스터를 발견했다. 당신은 몬스터를 물리쳐 횃불을 빼앗아 들고 다시 탐사를 이어갔다."","""")","(""hp"","""")","(""-5"","""")","("""",""1"")","("""","""")","("""","""")","(""p0"",""p5"")"
P1_10,당신의 목소리를 들은 누군가가 다가왔다.,"(""도망친다."",""대화한다."")","(""당신은 다가오는 상대의 반대편으로 도망쳤다. 아무것도 보이지 않아 벽에 긁혀 상처를 입었다."",""당신은 상대가 접근하기 전에 상대에게 자신을 밝히라고 말했다."")","(""hp"","""")","(""-3"","""")","("""",""P4"")","("""","""")","("""","""")","(""p4"",""p5"")"
P2_00,당신의 반대편에서 누군가가 다가온다.,"(""공격한다."",""경계하며 신상을 묻는다."",""도망친다."")","(""당신은 다가오는 상대를 공격했다. 공격을 받은 사람은 곧장 도망쳐버렸다."","""",""당신은 재빨리 도망쳤다. 누군가가 쫒아오지는 않았다."")","("""","""","""")","("""","""","""")","("""",""P4"","""")","("""","""","""")","("""","""","""")","(""p2"",""p5"",""p4"")"
P3_00,당신의 앞에 있는 꺾어진 길에서 달그락거리는 소리가 들렸다.,"(""기습한다."",""도망친다."",""경계하며 기다린다."")","(""당신은 꺾어진 길에서 나오는 무언가를 기습했다. 길에서 나온 상인은 독약을 당신에게 던지고 도망쳤다. 당신의 살이 타들어 간다."",""당신은 재빨리 도망쳤다. 누군가가 쫓아 오지는 않았다."","""")","(""dothp,dt"","""","""")","(""-5,10"","""","""")","("""","""",""P4"")","("""","""","""")","("""","""","""")","(""p1"",""p4"",""p8"")"
P4_00,당신에 앞에 근사한 드레스를 입고 있는 공주가 나타났다.,"(""인사를 올린다."",""공격한다."")","(""당신은 예의를 갖춰 공주에게 인사를 올렸다."","""")","("""","""")","("""","""")","(""1"",""2"")","("""","""")","("""","""")","(""p6"",""p8"")"
P4_10,공주는 당신과의 만남을 기뻐하며 원하는 것을 물었다.,"(""돈을 바란다."",""물건을 바란다."",""물건을 바란다."")","(""공주는 대량의 돈을 당신에게 쥐어주고 길 안내를 부탁했다. 험난한 길에 당신은 약간 지쳤다."",""공주는 고가의 장비들을 건네주고 길 안내를 부탁했다. 험난한 길에 당신은 약간 지쳤다."",""공주는 당신에게 대량의 물약들을 건네주었다. 그리고는 호위를 불러 다른 곳으로 떠났다."")","(""g,hp"",""etr,hp"",""hp,mp"")","(""60,-10"",""25,-10"",""60,30"")","(""ZR"",""ZR"","""")","("""","""","""")","("""","""","""")","(""p0"",""p0"",""p0"")"
P4_20,공주는 당황하며 호위를 불렀다.,"(""공주를 인질로 잡는다."",""도망친다."",""호위를 공격한다."")","(""공주는 당황하며 버둥거렸다."",""당신을 쫓으려던 호위는 포기하고 공주에게 돌아갔다."",""공주의 호위와 전투가 시작되었다."")","("""","""","""")","("""","""","""")","(""3"","""",""4"")","("""","""","""")","("""","""","""")","(""p0"",""p2"",""p8"")"
P4_30,호위가 당신에게 무엇을 원하는지 물었다.,"(""돈을 바란다."",""돈을 바란다."",""물건을 바란다."",""물건을 바란다."",""물건을 바란다."",""물건을 바란다."")","(""호위는 대량의 돈을 가져다주었고 당신은 돈을 가지고 도망쳤다."",""협박하던 당신은 다수의 호위에게 습격 받아 도망쳤다."",""호위는 고가의 장비들을 가져왔다. 당신은 장비를 가지고 도망쳤다."",""협박하던 당신은 다수의 호위에게 습격 받아 도망쳤다."",""협박하던 당신은 공주의 갑작스런 공격에 공주를 놓쳤다. 당신은 호위에게 포위되기 전에 빠르게 도망쳤다."",""협박하던 당신은 몬스터에게 습격 받았다. 공주는 당신의 손에서 벗어나 호위와 도망쳤다."")","(""g"",""hp"",""etr"",""hp"",""hp"","""")","(""80"",""-30"",""40"",""-30"",""-20"","""")","("""","""","""","""","""",""ZR"")","("""","""","""","""","""","""")","("""","""","""","""","""","""")","(""p0"",""p1"",""p0"",""p1"",""p4"",""p2"")"
P4_40,호위는 당신을 경계하고 있다.,"(""공격한다."",""공격한다."",""도망친다."",""도망친다."",""공주를 인질로 잡는다."")","(""호위를 쓰러뜨렸다. 당신은 호위가 더 오기 전에 공주에게서 물건을 훔쳐 달아났다."",""당신의 공격은 빗나가고 호위의 공격을 받았다."",""도망에 실패했다."",""도망에 성공했다."",""당신은 재빨리 공주를 인질로 잡았다."")","(""g,hp,mp"",""hp"",""hp"","""","""")","(""10,10,10"",""-10"",""-5"","""","""")","("""",""4"",""4"","""",""3"")","("""","""","""","""","""")","("""","""","""","""","""")","(""p0"",""p1"",""p2"",""p4"",""p0"")"
H1_00,던전을 탐색하던 도중 주변의 모든 횃불이 꺼졌다.,"(""주변을 탐색한다."",""소리친다."")","(""주변을 탐색하던 도중 횃불을 든 몬스터를 발견했다. 당신은 몬스터를 물리쳐 횃불을 빼앗아 들고 다시 탐사를 이어갔다."",""!@%!^@$!^#!"")","(""hp"","""")","(""-5"","""")","("""",""1"")","("""","""")","("""","""")","(""p0"",""p5"")"
H1_10,누군가 당신의 구조신호를 듣고 달려왔다.,"(""공격한다."",""도망친다."",""누군지 물어본다."")","("""",""당신은 재빨리 도망쳤다. 누군가가 쫓아 오지는 않았다."","""")","("""","""","""")","("""","""","""")","(""H3"","""",""H2"")","("""","""","""")","("""","""","""")","(""p8"",""p4"",""p5"")"
H1_11,누군가 당신의 구조신호를 듣고 달려왔다.,"(""공격한다."",""도망친다."",""누군지 물어본다."")","("""",""당신은 재빨리 도망쳤다. 누군가가 쫓아 오지는 않았다."","""")","("""","""","""")","("""","""","""")","(""H3"","""",""A4"")","("""","""","""")","("""","""","""")","(""p8"",""p4"",""p5"")"
H1_12,누군가 당신의 구조신호를 듣고 달려왔다.,"(""공격한다."",""도망친다."",""누군지 물어본다."")","(""당신은 다가오는 누군가를 공격했다. 곧바로 반격을 받았다."",""당신은 재빨리 도망쳤다. 누군가가 쫓아 오지는 않았다."","""")","(""hp"","""",""hp"")","(""-5"","""",""-10"")","(""H3"","""",""H3"")","("""","""","""")","("""","""","""")","(""p1"",""p4"",""p5"")"
H1_13,누군가 당신의 구조신호를 듣고 달려왔다.,"(""공격한다."",""도망친다."",""누군지 물어본다."")","(""당신은 다가오는 누군가를 공격했다. 곧바로 반격을 받았다."",""당신은 재빨리 도망쳤다. 누군가가 쫓아 오지는 않았다."","""")","(""hp"","""","""")","(""-5"","""","""")","(""H3"","""",""S4"")","("""","""","""")","("""","""","""")","(""p1"",""p4"",""p5"")"
H1_14,누군가 당신의 구조신호를 듣고 달려왔다.,"(""공격한다."",""도망친다."",""누군지 물어본다."")","("""",""당신은 재빨리 도망쳤다. 누군가가 쫓아 오지는 않았다."","""")","("""","""","""")","("""","""","""")","(""H3"","""",""B4"")","("""","""","""")","("""","""","""")","(""p8"",""p4"",""p5"")"
H2_00,당신에게 다가온 사람은 자신을 영웅이라고 하며 언제든 도움을 청하라고 말했다.,"(""괜찮다고 한다."",""입구를 여는 단서를 물어본다."",""입구를 여는 단서를 물어본다."",""입구를 여는 단서를 물어본다."")","(""영웅은 인사하며 떠나갔다."","""",""영웅이라고 한 사람은 갑자기 당신을 공격했다."",""영웅이라고 한 사람은 갑자기 당신을 공격했다."")","("""","""",""hp"",""hp"")","("""","""",""-10"",""-10"")","("""",""1"",""H3"",""H3"")","("""","""","""","""")","("""","""","""","""")","(""p6"",""p8"",""p2"",""p2"")"
H2_10,당신은 영웅에게 다음 단계로 넘어가고 싶다고 말했다. 영웅은 당신에게 다음 층으로 가는 문의 열쇠를 쥐어 주었다.,"(""감사인사를 건네고 주변을 탐색한다."")","("""")","(""K"")","("""")","("""")","("""")","("""")","(""p0"")"
H3_00,악의를 가진 적과 만났다.,"(""공격한다."",""공격한다."",""도망친다."",""도망친다."")","("""","""",""도망에 실패했다."",""당신은 공격을 받으며 도망에 성공했다."")","("""","""","""",""hp"")","("""","""","""",""-10"")","(""1"",""3"",""2"","""")","("""","""","""","""")","("""","""","""","""")","(""p8"",""p8"",""p1"",""p4"")"
H3_10,상대는 능숙하게 회피했다.,"(""다시 공격한다."",""다시 공격한다."",""다시 공격한다."",""도망친다."",""도망친다."")","(""당신은 다시 상대를 공격했다. 반격이 거세다."",""상대는 끝까지 당신을 공격했다."",""당신은 상대에게 공격 받았다."",""당신은 상대의 공격을 받으며 도망에 성공했다."",""당신은 상대의 공격을 받아 도망에 실패했다."")","(""hp"",""hp"",""hp"",""hp"",""hp"")","(""-10"",""-10"",""-10"",""-10"",""-15"")","(""2"",""3"",""1"","""",""2"")","("""","""","""","""","""")","("""","""","""","""","""")","(""p2"",""p0"",""p2"",""p4"",""p1"")"
H3_20,상대는 당신에게 접근하여 공격을 가했다. 당신은 서둘러 반격의 준비를 갖췄다.,"(""공격한다."",""공격한다."",""공격한다."",""도망친다."",""도망친다."")","(""당신은 상대를 공격했다. 상대는 쓰러질 생각을 하지 않는다."",""상대는 끝까지 당신을 공격했다."",""당신은 상대에게 공격 받았다."",""당신은 공격을 받으며 도망에 성공했다."",""당신은 상대의 공격을 받아 도망에 실패했다."")","(""hp"",""hp"",""hp"",""hp"",""hp"")","(""-10"",""-10"",""-10"",""-10"",""-15"")","(""2"",""3"",""1"","""",""2"")","("""","""","""","""","""")","("""","""","""","""","""")","(""p1"",""p0"",""p2"",""p4"",""p1"")"
H3_30,상대는 당신의 공격을 받고 쓰러졌다.,"(""주변을 탐색한다."")","(""당신은 상대의 소지품을 살펴보고 필요한 것들을 챙겼다."")","(""g"")","(""20"")","("""")","("""")","("""")","(""p0"")"
L1_00,땅이 울리는 소리가 들린다. 당신은 두려움에 떨며 주변을 경계했다. 곧이어 거대한 그림자가 당신을 덮었다. 스톤 골렘이 당신을 발견했다.,"(""싸운다."")","(""스톤 골렘은 땅을 구르며 당신을 바라보았다."")","("""")","("""")","(""1"")","("""")","("""")","(""p3,l8"")"
L1_10,스톤 골렘이 당신을 경계하며 땅을 구르고 있다. 기습을 하면 좋을 것 같다.,"(""공격한다."",""마법을 시전 한다."",""조심히 다가가 본다."",""방어한다."",""도발해서 끌어들인다."")","(""스톤 골렘이 당신의 공격을 맞으며 반격했다."",""스톤 골렘은 당신이 쓰는 마법을 저지하지 못했다. 마법은 스톤 골렘에 직격했다."",""스톤 골렘은 당신이 가까이 가도 반응하지 않았다. 근처에서 스톤 골렘에게서 떨어진 마석을 획득했다."",""당신이 방어를 하고 가만히 있자 스톤 골렘이 다가와 팔로 내리찍었다. 당신은 조금의 피해를 입었다."",""당신이 주변의 돌을 던지며 도발하자 스톤 골렘은 거슬려하며 당신에게 돌진했다. 당신은 대비를 못하고 공격을 맞았지만 벽에 부딪쳐버린 스톤 골렘에게서 떨어져 나간 마석을 얻었다."")","(""hp"",""mp"",""g"",""hp"",""g,hp"")","(""-5"",""-3"",""4"",""-5"",""8,-10"")","(""1"",""2"",""3"",""3"",""4"")","(""at"",""mat"","""","""","""")","(""-18"",""-12"","""","""","""")","(""p2,l9"",""p0,l1"",""p0,l8"",""p8,l0"",""p2,l9"")"
L1_11,스톤 골렘이 당신의 주변을 천천히 돌고 있다. 곧 공격을 해올 것 같다.,"(""공격한다."",""마법을 시전 한다."",""조심히 다가가 본다."",""방어한다."",""도발해서 끌어들인다."")","(""스톤 골렘이 당신의 공격을 맞으며 반격했다"",""스톤 골렘은 당신이 쓰는 마법을 저지하지 못했다. 마법은 스톤 골렘에 직격했다."",""스톤 골렘의 근처에 마석이 떨어져 있다. 당신은 호기심에 그것에 손을 가져갔다. 마석은 당신의 마나 일부를 순식간에 흡수하며 가치 있는 마석으로 변했다."",""당신은 방어태세를 갖추고 마나를 회복했다. 그 사이 스톤 골렘이 다가와 팔로 내리찍었다. 당신은 조금의 피해를 입었다."",""당신이 주변의 돌을 던지며 도발하자 스톤 골렘은 거슬려하며 당신에게 돌진했다. 당신은 대비를 못하고 공격을 맞았지만 벽에 부딪쳐버린 스톤 골렘에게서 떨어져 나간 마석을 얻었다."")","(""hp"",""mp"",""g,mp"",""hp,mp"",""g,hp,etr"")","(""-5"",""-3"",""4,-10"",""-5,5"",""8,-15,-3"")","(""3"",""4"",""2"",""2"",""1"")","(""at"",""mat"","""","""","""")","(""-15"",""-10"","""","""","""")","(""p2,l9"",""p0,l1"",""p2,l8"",""p0,l2"",""p2,l9"")"
L1_12,스톤 골렘이 울부짖으며 당신에게 돌진했다. 당신은 구석에 몰렸다. 도망칠 방도가 보이지 않는다.,"(""반격한다."",""마법을 시전 한다."",""달린다."",""회피 한다."",""방어한다."")","(""당신은 스톤 골렘의 공격을 살짝 피하며 반격했다. 당신은 큰 피해를 입지 않고 돌진하던 스톤 골렘에게 피해를 입혔다."",""당신은 마법을 시전 했지만 스톤 골렘의 돌진 속도는 당신의 시전 속도보다 빨랐다. 마법은 실패하고 당신은 스톤 골렘에게 피해를 입었다."",""당신은 스톤 골렘의 정면으로 달려갔다. 아슬아슬하게 거대한 스톤 골렘의 다리 사이로 빠져나가는 듯 했지만 스톤 골렘의 다리 옆에 붙어있는 바위 조각에 맞아버렸다. 엎친 데 덮친 격 당신의 가방에서 음식이 떨어졌다."",""당신은 온 정신을 다해 집중하여 돌진해오는 스톤 골렘의 옆으로 굴렀다. 다리에 맞을 뻔 했지만 당신은 무사히 회피에 성공했다."",""당신은 방어 준비를 하며 마나를 회복했다. 스톤 골렘의 공격은 육중했지만 큰 피해 없이 버텨냈다."")","(""hp"",""mp,hp"",""hp,g"","""",""hp,mp"")","(""-5"",""-10,-15"",""-15,-2"","""",""-10,5"")","(""2"",""4"",""4"",""2"",""3"")","(""at"","""","""","""","""")","(""-18"","""","""","""","""")","(""p0,l1"",""p1,l0"",""p1,l0"",""p0,l2"",""p0,l2"")"
L1_13,스톤 골렘이 크게 울부짖는다. 행동이 수상해 보인다.,"(""공격한다."",""마법을 시전 한다."",""방어한다."",""물건을 던져본다."",""회피한다."")","(""스톤 골렘이 땅을 구르려고 했지만 당신은 재빠르게 다리를 공격했다. 스톤 골렘의 행동을 저지하고 피해를 입혔다. 당신은 스톤 골렘 다리사이에서 떨어진 보석들을 획득했다."",""스톤 골렘은 다리를 들어 땅을 구르려다 당신이 쓰는 마법을 저지하지 못했다. 마법은 스톤 골렘에 직격했다."",""스톤 골렘은 크게 땅을 굴렀고 천장에서 거대한 돌과 바위들이 우수수 떨어졌다. 당신은 모두 회피하지 못하고 큰 피해를 입었다. 장비가 손상되어 간다."",""당신은 경계하며 가방에 있던 무기와 물건들을 던져보았다. 스톤 골렘은 다리를 들어 땅을 구르려다 물건들에 맞고 뒤로 넘어졌다."",""당신은 스톤 골렘을 경계하며 회피할 준비를 했다. 스톤 골렘은 땅을 굴렀고, 당신은 천장에서 떨어지는 돌과 바위들을 피해 다녔지만, 모두 피하지는 못하고 피해를 입었다."")","(""g"",""mp"",""hp,dotetr,dt"",""g"",""hp"")","(""3"",""-10"",""-20,-1,10"",""-6"",""-15"")","(""4"",""3"",""4"",""1"",""2"")","(""at"",""mat"","""","""","""")","(""-10"",""-15"","""","""","""")","(""p0,l1"",""p0,l1"",""p1,l9"",""p0,l1"",""p2,l9"")"
L1_20,스톤 골렘이 당신을 경계하며 땅을 구르고 있다. 기습을 하면 좋을 것 같다.,"(""공격한다."",""회피한다."",""마법을 시전 한다."",""방어한다."")","(""스톤 골렘이 땅을 구르려고 다리를 올린 틈을 타 당신은 재빠르게 다리를 공격했다. 스톤 골렘의 행동을 저지하고 피해를 입혔다."",""당신은 스톤 골렘을 경계하며 회피할 준비를 했다. 스톤 골렘은 땅을 굴렀고, 당신은 천장에서 떨어지는 돌과 바위들을 피해 다녔지만, 모두 피하지는 못하고 피해를 입었다."",""스톤 골렘이 다리를 들어 땅을 구를 때 당신은 마법을 시전해서 공격했다. 마법은 나갔지만 타이밍이 늦어 스톤 골렘도 땅을 굴렀다. 당신은 균형을 잃어 마법의 목표를 잘못 잡았고 마법에 휘말렸다."",""당신은 방어를 하고 가만히 대기했다. 스톤 골렘의 공격은 육중했지만 큰 피해 없이 버텨냈다."")","("""",""hp"",""mp,hp"",""hp"")","("""",""-15"",""-5,-5"",""-10"")","(""4"",""2"",""3"",""1"")","(""at"","""",""mat"","""")","(""-15"","""",""-20"","""")","(""p0,l1"",""p2,l9"",""p2,l2"",""p0,l8"")"
L1_21,스톤 골렘이 울부짖으며 당신에게 돌진했다. 당신은 구석에 몰렸다. 도망칠 방도가 보이지 않는다.,"(""공격한다."",""방어한다."",""회피한다."",""달린다."",""마법을 사용한다."")","(""당신은 스톤 골렘에 맞서 공격했지만 스톤 골렘은 별 피해를 입지 않고 당신에게 부딪쳤다. 당신은 큰 피해를 입고 벽에 부딪혔다."",""당신은 방어를 굳건히 하고 자세를 다잡았다. 하지만 스톤 골렘의 돌진에는 속수무책으로 나가떨어졌다."",""당신은 스톤 골렘의 돌진을 회피하려했지만 스톤 골렘의 속도가 너무 빨랐다. 당신은 스톤 골렘의 다리 끝에 걸려 땅에 굴렀다."",""당신은 스톤 골렘의 다리사이로 달려갔다. 당신은 스톤 골렘의 다리에 스치기는 했지만 별 피해 없이 스톤 골렘의 뒤쪽으로 위치를 옮기는데 성공했다. 당신은 스톤 골렘이 뒤도는 틈을 타 체력을 조금 회복했다."",""당신은 죽기 살기로 마법을 시전 했으나 스톤 골렘의 돌진에 직격하여 마법에 실패하고 큰 피해를 입었다."")","(""hp,etr"",""hp"",""hp"",""hp"",""hp,mp,etr"")","(""-20,-4"",""-15"",""-10"",""5"",""-20,-5,-8"")","(""4"",""4"",""2"",""3"",""2"")","(""at"","""","""","""","""")","(""-10"","""","""","""","""")","(""p1,l0"",""p1,l0"",""p1,l0"",""p0,l2"",""p1,l0"")"
L1_22,스톤 골렘이 당신의 주변을 천천히 돌고 있다. 곧 공격을 해올 것 같다.,"(""공격한다."",""마법을 시전 한다."",""조심히 다가가 본다."",""방어한다."",""도발해서 끌어들인다."")","(""스톤 골렘이 당신의 공격을 맞으며 반격했다"",""스톤 골렘이 갑자기 돌진해 당신이 쓰는 마법을 저지했다. 당신은 마법에 실패하고 큰 피해를 입었다."",""스톤 골렘은 당신을 지켜보고 있다."",""스톤 골렘은 뒤로 물러났다. 당신은 마나를 조금 회복시켰다."",""당신이 주변의 돌을 던지며 도발하자 스톤 골렘은 근처의 바위를 당신에게 던졌다. 당신은 큰 피해를 입었다."")","(""hp"",""hp,mp"","""",""mp"",""hp,etr"")","(""-5"",""-15,-5"","""",""5"",""-18,-7"")","(""2"",""4"",""4"",""2"",""1"")","(""at"","""","""","""","""")","(""-20"","""","""","""","""")","(""p1,l9"",""p1,l0"",""p2,l8"",""p0,l2"",""p1,l9"")"
L1_23,스톤 골렘이 크게 울부짖는다. 행동이 수상해 보인다.,"(""공격한다."",""마법을 시전 한다."",""방어한다."",""물건을 던져본다."",""회피한다."")","(""스톤 골렘이 땅을 구르는 틈을 타 당신은 재빠르게 다리를 공격했다. 하지만 스톤 골렘의 다리가 떨어지는 속도가 더 빨랐다. 당신은 균형을 잃고 땅에 굴렀다."",""스톤 골렘이 다리를 들어 올려 땅을 굴렀지만 당신은 먼 곳에서 자신에게 치유 마법을 사용했다. 체력을 회복했다."",""스톤 골렘은 크게 땅을 굴렀고 천장에서 거대한 돌과 바위들이 우수수 떨어졌다. 당신은 모두 회피하지 못하고 큰 피해를 입었고 음식들이 가방에서 떨어져 떨어지는 돌들에게 짓이겨졌다."",""당신은 경계하며 가방에 있던 무기와 물건들을 던져보았다. 스톤 골렘은 근처의 큰 바위를 집어 당신에게 던졌다. 당신은 회피하려다 가방을 놓쳤다."",""당신은 스톤 골렘을 경계하며 회피할 준비를 했다. 스톤 골렘은 땅을 굴렀고, 당신은 천장에서 떨어지는 돌과 바위들을 피해냈다. 스톤 골렘이 땅을 구르고 대기하는 사이 당신은 체력과 마나를 회복했다."")","(""hp"",""hp,mp"",""g,hp"",""g"",""hp,mp"")","(""-3"",""15,-5"",""-6,-10"",""-15"",""5,5"")","(""3"",""1"",""4"",""1"",""2"")","("""","""","""","""","""")","("""","""","""","""","""")","(""p1,l9"",""p0,l2"",""p1,l9"",""p1,l9"",""p0,l2"")"
L1_30,스톤 골렘의 움직임이 점차 느려졌다. 스톤 골렘의 중심부가 빛나기 시작한다.,"(""공격한다."",""마법을 사용한다."",""방어한다."",""경계한다."",""빛나는 부위를 공격한다."")","(""스톤 골렘이 당신의 공격에 직격 당했다. 스톤 골렘은 큰 피해를 입은 듯이 몸을 크게 기울였다. 스톤 골렘이 정신을 차리지 못하는 사이 당신은 체력을 회복했다."",""스톤 골렘은 당신이 쓰는 마법을 저지하지 못했다. 마법은 스톤 골렘에 직격하여 큰 피해를 입혔다. 스톤 골렘이 정신을 차리지 못하는 사이 당신은 마나를 회복했다."",""당신은 스톤 골렘을 경계하며 방어태세를 갖췄다. 스톤 골렘의 중심부는 더욱이 빛을 냈고 스톤 골렘의 손상된 부위가 복구되어갔다."",""당신은 스톤 골렘의 행동을 지켜봤다. 스톤 골렘의 중심부가 빛을 내자 스톤 골렘이 복구되어갔다. 당신은 재빨리 스톤 골렘에게 공격을 가했다."",""당신은 빛을 내는 스톤 골렘의 중심부가 수상하다고 생각해 그곳을 강하게 공격했다. 스톤 골렘은 괴성을 질렀고 중심부의 빛이 사라졌다. 스톤 골렘의 온몸에 금이 가기 시작했다. 당신은 스톤 골렘의 몸 사이사이에서 떨어진 보석들을 챙겼다."")","(""hp"",""mp"","""","""",""g"")","(""20"",""10"","""","""",""15"")","(""2"",""2"",""4"",""3"",""1"")","(""at"",""mat"",""hp"",""at,hp"",""at"")","(""-30"",""-30"",""50"",""-3,50"",""-50"")","(""p0,l1"",""p0,l1"",""p1,l3"",""p2,l3"",""p0,l1"")"
L1_31,스톤 골렘이 크게 울부짖는다. 행동이 수상해 보인다.,"(""공격한다."",""마법을 시전 한다."",""방어한다."",""물건을 던져본다."",""회피한다."")","(""당신은 스톤 골렘에게 돌진하며 공격을 가했지만 스톤 골렘은 뒤로 빠지며 당신의 공격을 피했다."",""당신은 마법을 시전해서 가만히 있는 스톤 골렘에게 공격했다. 스톤 골렘은 회피하려했지만 마법에 휘말려 피해를 입었다."",""당신은 방어태세를 갖춰 든든히 준비했으나 아무 일도 일어나지 않았다."",""당신은 경계하며 가방에 있던 무기와 물건들을 던져보았다. 스톤 골렘은 던진 물건들을 쳐냈다. 당신의 물건들은 쓰지 못할 정도로 파손되었다."",""당신은 스톤 골렘을 경계하며 회피할 준비를 했다. 스톤 골렘도 마찬가지로 당신을 경계하며 회피할 준비를 했다."")","("""",""mp"","""",""g"","""")","("""",""-5"","""",""-8"","""")","(""4"",""2"",""1"",""2"",""3"")","("""",""mat"","""","""","""")","("""",""-20"","""","""","""")","(""p1,l0"",""p0,l1"",""p2,l8"",""p1,l8"",""p8,l8"")"
L1_32,스톤 골렘이 당신을 경계하며 땅을 구르고 있다. 기습을 하면 좋을 것 같다.,"(""공격한다."",""마법을 시전 한다."",""조심히 다가가 본다."",""방어한다."",""도발해서 끌어들인다."")","(""당신은 땅을 구르는 스톤 골렘에게 돌진했으나 균형을 잃고 스톤 골렘에게 공격당했다."",""당신은 마법을 시전해서 스톤 골렘에게 공격하려 했지만 땅의 흔들림에 마법 시전에 실패하고 말았다."",""당신은 스톤 골렘을 경계하며 조심히 다가갔다. 천장에서 떨어지는 돌을 피하지 못하고 피해를 입었다."",""당신은 스톤 골렘의 공격을 대비하여 방어를 굳건히 했다. 천장에서 떨어지는 돌과 바위들은 당신들을 비껴 떨어졌으며 그 돌과 바위들 속에서 보석을 발견했다."",""당신은 스톤 골렘에게 작은 돌들을 던져 유인했다. 흥분한 스톤 골렘은 당신에게 돌진하다 천장에서 떨어진 바위에 맞고 넘어졌다."")","(""hp"",""mp"",""hp"",""g"","""")","(""-15"",""-10"",""-5"",""5"","""")","(""4"",""2"",""3"",""1"",""2"")","("""","""","""","""",""hp"")","("""","""","""","""",""-50"")","(""p1,l9"",""p1,l9"",""p1,l9"",""p0,l9"",""p0,l1"")"
L1_33,스톤 골렘이 힘을 잃은 듯 쓰러졌다. 당신은 확인을 위해 작은 돌들을 던져 보았다. 아무런 반응이 없다.,"(""공격한다."",""마법을 시전 한다."",""방어를 갖추고 대기한다."",""경계하며 다가간다."",""멀리 도망친다."")","(""당신은 쓰러진 스톤 골렘에게 일격을 가하기 위해 가까이 다가갔다. 그 순간 스톤 골렘의 바위 덩어리들이 회전하며 당신을 저멀리 쳐냈다. 당신은 큰 피해를 입고 벽에 부딪쳤다."",""당신은 방심하지 않고 공격하기 위해 마법을 시전 했다. 쓰러진 줄 알았던 스톤 골렘은 갑자기 일어서더니 당신에게 돌격했지만 마법이 발사되고 스톤 골렘은 저 멀리 나가떨어졌다."",""당신은 스톤 골렘을 경계하며 방어를 갖추고 가만히 대기했다. 잠시 뒤 스톤 골렘은 멀쩡히 일어났다."",""당신은 경계를 하며 스톤 골렘에게 다가갔다. 당신이 접근하자 스톤 골렘은 회전하며 당신을 공격했으나 당신은 재빠르게 공격을 맞고 반격했다."",""당신은 스톤 골렘이 쓰러진 틈을 타 도망치기 위해 입구로 향했다. 스톤 골렘이 도망치는 당신을 향해 거대한 바위를 던졌다. 당신은 피해를 입고 다시 자세를 갖췄다."")","(""hp,etr"",""mp"","""",""hp"",""hp"")","(""-18,-3"",""-10"","""",""-5"",""-10"")","(""4"",""1"",""1"",""2"",""3"")","("""",""mat"","""",""at"","""")","("""",""-20"","""",""-10"","""")","(""p1,l9"",""p1,l9"",""p8,l2"",""p2,l2"",""p1,l9"")"
L1_40,스톤 골렘의 움직임이 점차 느려졌다. 스톤 골렘의 중심부가 빛나기 시작한다.,"(""공격한다."",""마법을 사용한다."",""방어한다."",""경계한다."",""빛나는 부위를 공격한다."")","(""당신은 기회를 보고 공격을 감행했다. 스톤 골렘은 접근하는 당신을 향해 마법을 사용하여 공격했다. 당신의 몸이 불타올랐다."",""당신은 스톤 골렘을 향해 마법을 사용했다. 스톤 골렘도 마찬가지로 당신을 향해 마법을 사용해 공격했다. 서로의 마법 공격은 스쳐지나가 피해가 감소되어 서로에게 적중했다."",""당신은 스톤 골렘을 경계하며 방어태세를 갖췄다. 스톤 골렘은 당신을 향해 마법 공격을 퍼부었으나 당신의 방어를 전부 뚫지는 못하고 적은 피해를 입혔다."",""당신은 스톤 골렘의 행동을 지켜봤다. 스톤 골렘은 당신을 향해 마법 공격을 사용했다. 당신은 재빨리 회피하려 했으나 마법에 약간 휘말려 피해를 입었다."",""당신은 빛을 내는 스톤 골렘의 중심부가 수상하다고 생각해 그곳을 강하게 공격하려 했다. 무방비 상태로 공격을 감행하던 당신은 스톤 골렘의 마법공격에 매우 큰 피해를 입고 장비가 손상되었다."")","(""dothp,dt,dotetr,dt"",""mp,hp"",""hp"",""hp"",""hp,etr"")","(""-5,5,-2,5"",""-10,-15"",""-10"",""-15"",""-30,-15"")","(""4"",""2"",""1"",""3"",""4"")","("""",""mat"","""","""","""")","("""",""-10"","""","""","""")","(""p1,l13"",""p2,l13"",""p0,l13"",""2,l13"",""p1,l13"")"
L1_41,스톤 골렘이 힘을 잃은 듯 쓰러졌다. 당신은 확인을 위해 작은 돌들을 던져 보았다. 아무런 반응이 없다.,"(""공격한다."",""마법을 시전 한다."",""방어를 갖추고 대기한다."",""경계하며 다가간다."",""멀리 도망친다."")","(""당신은 쓰러진 스톤 골렘에게 일격을 가하기 위해 다가갔다. 스톤 골렘은 손상된 부위를 복구하고 있었고 당신은 강한 일격을 꽂아 넣었다."",""당신은 방심하지 않고 공격하기 위해 마법을 사용 했다. 마법이 스톤 골렘에 격돌하기 직전 스톤 골렘에게 빨려 들어가더니 다시 당신을 향해 날아왔다. 당신은 가까스로 치명상을 피했다."",""당신은 스톤 골렘을 경계하며 방어를 갖추고 가만히 대기했다. 잠시 뒤 스톤 골렘은 손상된 부위가 일부 복구되어 일어났다."",""당신은 경계를 하며 스톤 골렘에게 다가갔다. 당신은 스톤 골렘이 복구하고 있다는 것을 깨닫고 곧바로 공격을 시도했고 스톤 골렘은 큰 피해를 입으며 당신을 밀쳤다."",""당신은 스톤 골렘이 쓰러진 틈을 타 멀리 거리를 두기 위해 입구로 향했다. 스톤 골렘의 움직임이 없자 당신은 장비들을 손보았다. 잠시 뒤 스톤 골렘은 손상된 부위가 일부 복구되어 일어났다."")","("""",""mp,hp"","""",""hp"",""etr"")","("""",""-10,-15"","""",""-10"",""5"")","(""1"",""3"",""4"",""2"",""2"")","(""at"","""",""hp"",""at"",""hp"")","(""-10"","""",""100"",""-20"",""50"")","(""p0,l2"",""p1,l10"",""p1,l10"",""p0,l2"",""p0,l10"")"
L1_42,스톤 골렘이 당신의 주변을 천천히 돌고 있다. 곧 공격을 해올 것 같다.,"(""공격한다."",""마법을 시전 한다."",""조심히 다가가 본다."",""방어한다."",""도발해서 끌어들인다."")","(""스톤 골렘이 당신의 공격을 피하고 반격했다"",""당신은 회복마법을 시전 했다. 스톤 골렘이 돌진해 당신이 쓰는 마법을 저지하려했다. 당신은 마법으로 체력을 약간 회복하고 스톤 골렘의 공격을 회피했다."",""스톤 골렘은 다가오는 당신을 쳐냈다. 당신의 장비가 금이 갔다."",""당신은 스톤 골렘의 공격에 대비했다. 스톤 골렘은 당신에게 팔을 내리쳤지만 당신은 별 피해 없이 막아냈다."",""당신은 주변의 돌을 던지며 스톤 골렘에게 도발했지만 스톤 골렘은 계속해서 경계만을 하고 있다."")","(""hp"",""hp,mp"",""etr"",""hp"","""")","(""-10"",""10,-5"",""-10"",""-5"","""")","(""3"",""1"",""4"",""3"",""2"")","("""","""","""","""","""")","("""","""","""","""","""")","(""p1,l9"",""p2,l2"",""p1,l8"",""p0,l8"",""p1,l8"")"
L1_43,스톤 골렘이 던전을 마구 뛰어다니기 시작했다.,"(""대피한다."",""웅크려 앉는다."",""벽에 달라붙는다."")","(""당신은 스톤 골렘에게서 대피하기 위해 도망쳤다. 천장에서는 돌들이 우수수 떨어지고 땅은 흔들려 몸을 사리기 힘들다."",""당신은 제자리에서 웅크려서 체력을 회복했다. 가끔씩 떨어지는 돌들에게 피해를 입었다."",""당신은 벽에 달라붙었다. 벽에 장비들이 긁히며 손상되어 갔다."")","(""rn,rm,hp"",""rn,rm,hp"",""rn,rm,etr"")","(""-15,0,r"",""-20,5,r"",""-5,-1,r"")","(""1"",""3"",""1"")","("""","""","""")","("""","""","""")","(""p2,l10"",""p2,l10"",""p2,l10"")"
L2_00,당신의 깊은 곳에서부터 끓어오르듯 검은 기운이 주변을 감싸 안았다. 당신은 두려움에 빠졌다.,"(""주위를 경계한다."",""주위를 경계한다."",""주위를 경계한다."",""주위를 경계한다."",""주위를 경계한다."",""주위를 경계한다."")","(""당신의 손발이 저려온다."",""\""너에겐 자격이 없다.\"""",""당신은 움직일 수가 없다."",""당신은 기운이 빠지기 시작했다."",""\""너에겐 필요 없다.\"""",""당신은 주위의 분위기가 달라진 것을 느꼈다."",""당신은 주위의 분위기가 달라진 것을 느꼈다."",""당신은 주위의 분위기가 달라진 것을 느꼈다."")","(""hp"",""hp"",""hp"",""mp"",""mp"","""","""","""")","(""-5"",""-5"",""-5"",""-5"",""-5"","""","""","""")","(""1"",""1"",""0"",""0"",""0"",""1"",""1"",""1"")","(""at"",""at"",""at"",""at"",""at"",""at"",""at"",""at"")","(""-5"",""-5"",""-5"",""-5"",""-5"",""-5"",""-5"",""-5"")","(""p2"",""p2"",""p2"",""p2"",""p1"",""p3"",""p3"",""p3"")"
L2_10,당신의 주위에 있던 검은 기운들이 한 쪽으로 몰려가고 있다. 당신은 그곳을 경계했다.,"(""공격한다."",""공격한다."",""공격한다."",""공격한다."",""주위를 맴돈다."",""주위를 맴돈다."",""주위를 맴돈다."",""주위를 맴돈다."",""마법을 시전 한다."",""마법을 시전 한다."",""마법을 시전 한다."")","(""공격해도 소용이 없다. 검은 기운은 당신을 휘감았다."",""\""소용없다.\"""",""\""넌 이미 죽어있다.\"""",""\""그래. 더 공격해라.\"""",""바닥으로 마나가 빠져나간다."",""\""내게 다가오라.\"""",""\""하하하. 좋아, 그거야.\"""",""\""나는 죽지 않는다.\"""",""\""어리석은 것.\"""",""\""그거다.\"""",""\""시간이 되었군.\"""")","(""hp"",""hp"",""hp"","""",""mp"",""mp"",""mp"","""",""hp,mp"",""hp,mp"",""mp"")","(""-20"",""-20"","""","""",""-20"",""-20"","""","""",""-10,-10"",""-10,-10"",""-10"")","(""1"",""1"",""2"",""2"",""1"",""1"",""2"",""2"",""1"",""1"",""2"")","(""at"",""at"",""at"",""at"",""at"",""at"",""at"",""at"",""at"",""at"",""at"")","(""-5"",""-5"",""-5"",""-5"",""-5"",""-5"",""-5"",""-5"",""-5"",""-5"",""-5"")","(""p2"",""p2"",""p2"",""p3"",""p2"",""p2"",""p2"",""p3"",""p2"",""p1"",""p3"")"
L2_20,검은 기운이 모이는 곳에서 검은 형체가 솟아올라왔다. 아직 정확한 형태를 알아볼 수 없다.,"(""공격한다."",""공격한다."",""공격한다."",""공격한다."",""공격한다."",""마법을 시전 한다."",""마법을 시전 한다."",""마법을 시전 한다."",""마법을 시전 한다."",""마법을 시전 한다."",""경계한다."",""경계한다."",""경계한다."",""경계한다."",""경계한다."")","(""검은 형체는 공격을 받아도 아무렇지 않아 보인다."",""\""그것이 다인가.\"""",""\""힘을 주지.\"""",""당신은 구슬을 발견했다. 구슬을 만지자 검은 형체가 부르르 떨기 시작했다."",""당신은 구슬을 발견했다. 구슬을 만지자 검은 형체가 부르르 떨기 시작했다."",""검은 형체에 마법이 직격했지만 아무렇지도 않다."",""\""약하다.\"""",""\""마나를 낭비하는군.\"""",""당신은 구슬을 발견했다. 구슬을 만지자 검은 형체가 부르르 떨기 시작했다."",""당신은 구슬을 발견했다. 구슬을 만지자 검은 형체가 부르르 떨기 시작했다."",""\""어리석은 것.\"""",""\""기회를 주지.\"""",""\""보고만 있을 건가.\"""",""당신은 구슬을 발견했다. 구슬을 만지자 검은 형체가 부르르 떨기 시작했다."",""당신은 구슬을 발견했다. 구슬을 만지자 검은 형체가 부르르 떨기 시작했다."")","("""","""",""etr,hp"","""","""",""mp"",""mp"",""mp"","""","""",""hp,mp"",""hp,mp"",""hp,mp,g"","""","""")","("""","""",""20,-20"","""","""",""-10"",""-10"",""-10"","""","""",""-10,-10"",""50,50"",""-10,-10,-10"","""","""")","(""2"",""2"",""2"",""3"",""3"",""2"",""2"",""2"",""3"",""3"",""2"",""2"",""2"",""3"",""3"")","(""at"",""at"","""","""","""",""mat"",""mat"",""mat"","""","""","""",""hp"","""","""","""")","(""-10"",""-15"","""","""","""",""-5"",""-10"",""-15"","""","""","""",""100"","""","""","""")","(""p2"",""p2"",""p0"",""p3"",""p3"",""p2"",""p2"",""p2"",""p3"",""p3"",""p2"",""p2"",""p1"",""p3"",""p3"")"
L2_30,검은 형체가 형태를 갖춰갔다. 갑옷을 입고 있는 그것은 살아있는 생명체가 아니다. 온몸은 검은 구름 같은 것에 감싸여 있었다. 데스 나이트가 당신을 가로 막았다.,"(""싸운다."")","("""")","("""")","("""")","(""4"")","("""")","("""")","(""p3"")"
L2_40,데스 나이트가 당신의 목을 노린다.,"(""피한다."",""맞선다."",""방어한다."")","(""당신은 최고의 타이밍으로 회피했지만 데스 나이트의 검은 당신의 목을 따라가듯 공격했다."",""당신의 검과 데스 나이트의 검이 맞부딪쳤다. 당신은 잠시 버텼지만 금세 나가떨어졌다."",""당신은 데스 나이트의 공격을 정면에서 막으려했다. 하지만 순식간에 방어가 뚫려 당신은 엄청난 피해를 입었다."")","(""hp"",""hp"",""hp"")","(""-10"",""-5"",""-20"")","(""6"",""6"",""6"")","("""","""","""")","("""","""","""")","(""p1,l11"",""p2,l11"",""p1,l11"")"
L2_41,데스 나이트가 당신의 목을 노린다.,"(""피한다."",""맞선다."",""방어한다."")","(""당신은 최고의 타이밍으로 회피하여 데스 나이트의 검을 완벽하게 피했다."",""당신은 공격해오는 데스 나이트의 검을 따라 그의 손을 베었다."",""당신은 데스 나이트의 공격을 정면에서 막았다. 큰 피해는 입지 않았다."")","("""","""",""hp"")","("""","""",""-5"")","(""7"",""5"",""5"")","("""",""at"","""")","("""",""-20"","""")","(""p0,l9"",""p0,l9"",""p0,l8"")"
L2_42,데스 나이트가 당신의 목을 노린다.,"(""피한다."",""맞선다."",""방어한다."")","(""당신은 애매하게 회피하여 데스 나이트의 공격에 맞고 말았다."",""당신은 데스 나이트의 정면에서 버티다가 강력한 일격을 맞고 저 멀리 나가떨어졌다."",""당신은 데스 나이트의 공격을 완벽하게 막아냈다."")","(""hp"",""hp"","""")","(""-15"",""-20"","""")","(""8"",""6"",""5"")","("""","""","""")","("""","""","""")","(""p1,l11"",""p1,l11"",""p0,l8"")"
L2_43,데스 나이트가 당신의 주위를 배회한다.,"(""공격한다."",""경계한다."",""마법을 시전 한다."",""도발 한다."")","(""데스 나이트는 당신의 공격을 맞받아쳤다. 서로 튕겨져 나갔다."",""데스 나이트는 당신을 향해 공격해왔다. 당신은 데스 나이트의 공격을 별 피해 없이 막아냈다."",""데스 나이트가 당신의 마법 시전을 방해했다. 마법은 실패했다."",""데스 나이트가 맹렬하게 당신에게 돌진했다. 당신은 무방비상태로 공격받아 큰 피해를 입었다."")","(""hp"",""hp"",""mp"",""hp"")","(""-10"",""-5"",""-5"",""-15"")","(""4"",""5"",""6"",""8"")","(""at"","""","""","""")","(""-10"","""","""","""")","(""p2,l8"",""p0,l8"",""p1,l11"",""p1,l11"")"
L2_44,데스 나이트가 당신의 주위를 배회한다.,"(""공격한다."",""경계한다."",""마법을 시전 한다."",""도발 한다."")","(""데스 나이트는 당신의 공격을 피하지 못했다."",""데스 나이트는 계속해서 배회하기만 했다."",""데스 나이트는 당신의 마법 시전을 막지 못했다."",""데스 나이트는 분노하여 당신에게 돌진했지만 당신의 완벽한 회피에 벽에 박고 말았다."")","("""","""",""mp"","""")","("""","""",""-3"","""")","(""5"",""4"",""6"",""7"")","(""at"","""",""mat"",""at"")","(""-10"","""",""-20"",""-10"")","(""p1,l11"",""p2,l11"",""p0,l9"",""p0,l9"")"
L2_45,데스 나이트가 당신의 주위를 배회한다.,"(""공격한다."",""경계한다."",""마법을 시전 한다."",""도발한다."")","(""데스 나이트는 침착하게 당신의 공격을 막아냈다."",""데스 나이트는 당신을 향해 마법 공격을 날렸다. 당신은 침착하게 회피에 성공했다."",""데스 나이트도 당신에게 마법을 날렸다. 서로의 마법은 중앙에서 폭발하여 서로에게 피해를 입혔다."",""도발하는 당신에게 데스 나이트가 마법 공격을 날렸다. 당신은 여유롭게 회피했다."")","("""","""",""hp,mp"","""")","("""","""",""-8,-3"","""")","(""8"",""5"",""4"",""5"")","("""","""",""mat"","""")","("""","""",""-10"","""")","(""p1,l11"",""p0,l8"",""p2,l8"",""p0,l9"")"
L2_46,데스 나이트가 가만히 서있다.,"(""공격한다."",""마법을 시전 한다."",""회복을 시도한다."")","(""데스 나이트는 당신의 공격에 큰 피해를 입었다."",""데스 나이트는 당신의 마법 시전을 막지 못했다. 당신의 마법이 제대로 들어갔다."",""데스 나이트는 대처가 늦어 당신의 회복을 막지 못했다. 은은한 기운이 당신을 감싸 안았다. 효과는 꽤 지속될 것 같다."")","("""",""mp"",""dothp,dt"")","("""",""-5"",""5,5"")","(""6"",""4"",""6"")","(""at"",""mat"","""")","(""-20"",""-20"","""")","(""p1,l11"",""p0,l9"",""p0,l9"")"
L2_47,데스 나이트가 가만히 서있다.,"(""공격한다."",""마법을 시전 한다."",""회복을 시도한다."")","(""데스 나이트는 당신의 공격을 막아냈다."",""데스 나이트는 당신의 마법 시전을 막아냈다."",""데스 나이트가 당신에게 공격해왔다. 당신은 회복을 포기하고 물러났다."")","("""",""mp"","""")","("""",""-5"","""")","(""5"",""8"",""6"")","(""at"","""","""")","(""-10"","""","""")","(""p1,l8"",""p1,l8"",""p1,l8"")"
L2_48,데스 나이트가 가만히 서있다.,"(""공격한다."",""마법을 시전 한다."",""회복을 시도한다."")","(""데스 나이트가 당신의 공격을 피하고 당신에게 일격을 날렸다."",""데스 나이트는 당신의 마법 시전을 막고 밀쳤다."",""회복하기 직전 데스 나이트가 공격해왔다. 당신은 서둘러 회피하느라 일부 물품을 잃고 말았다."")","(""hp"",""hp,mp"",""g"")","(""-20"",""-10,-5"",""-8"")","(""7"",""6"",""8"")","("""","""","""")","("""","""","""")","(""p1,l11"",""p1,l11"",""p1,l11"")"
L2_50,데스 나이트는 혼란에 빠진 것 같다.,"(""공격한다."",""마법을 시전 한다."",""회복을 시도한다."")","(""데스 나이트는 당신의 일격에 정신을 못 차렸다."",""데스 나이트에게 당신의 마법이 직격했다. 데스 나이트는 괴로움에 울부짖었다."",""회복 주문이 당신을 감싸 안았다. 효과는 오래 갈 것 같다."")","("""",""mp"",""dothp,dt"")","("""",""-5"",""10,10"")","(""4"",""6"",""8"")","(""at"",""mat"","""")","(""-40"",""-30"","""")","(""p0,l9"",""p0,l9"",""p0,l9"")"
L2_51,데스 나이트는 혼란에 빠진 것 같다.,"(""공격한다."",""마법을 시전 한다."",""회복을 시도한다."")","(""데스 나이트는 당신의 공격을 막아내려 했지만 완벽히 막지 못했다."",""데스 나이트는 당신의 마법 시전을 막지 못했지만 직격하기 직전 직격하는 것은 회피했다."",""데스 나이트가 빠르게 상태를 회복하여 당신은 많은 체력을 회복할 수는 없었다."")","("""",""mp"",""hp"")","("""",""-5"",""15"")","(""5"",""6"",""4"")","(""at"",""mat"","""")","(""-20"",""-10"","""")","(""p0,l9"",""p0,l2"",""p2,l8"")"
L2_52,데스 나이트가 마법을 시전하고 있다.,"(""공격한다."",""마법을 시전 한다."",""회복을 시도한다."")","(""데스 나이트는 당신의 강력한 일격에 정신을 못 차렸다."",""데스 나이트와 당신의 마법이 중앙에서 맞 부딪쳤다. 서로가 피해를 입었다."",""당신은 많은 체력을 회복했지만 곧바로 마법 공격을 받았다."")","("""",""mp,hp"",""hp"")","("""",""-5,-10"","""")","(""8"",""7"",""5"")","(""at"",""mat"","""")","(""-40"",""-20"","""")","(""p0,l9"",""p2,l9"",""p2,l9"")"
L2_53,데스 나이트가 마법을 시전하고 있다.,"(""공격한다."",""마법을 시전 한다."",""회복을 시도한다."")","(""데스 나이트는 빠르게 대처해 마법에만 실패하고 공격은 받지 않았다."",""서로의 마법은 중앙에서 소멸했다."",""데스 나이트의 마법 공격이 먼저 완성되어 당신은 회복을 취소하고 회피할 수밖에 없었다."")","("""","""","""")","("""","""","""")","(""6"",""4"",""5"")","("""","""","""")","("""","""","""")","(""p0,l8"",""p2,l2"",""p1,l8"")"
L2_54,데스 나이트가 경계하고 있다.,"(""공격한다."",""회피한다."",""경계한다."",""마법을 시전 한다."")","(""데스 나이트는 당신의 공격을 막지 못했다."",""데스 나이트는 당신을 쳐다보고 있다."",""데스 나이트와 당신은 서로 가만히 경계하고 있다. 당신은 체력을 회복했다."",""데스 나이트는 당신의 마법 시전을 막지 못했지만 직격하기 직전 직격하는 것은 회피했다."")","("""","""",""hp"",""mp"")","("""","""",""10"",""-5"")","(""6"",""8"",""8"",""4"")","(""at"","""","""",""mat"")","(""-25"","""","""",""-15"")","(""p0,l9"",""p2,l8"",""p8,l8"",""p0,l2"")"
L2_55,데스 나이트가 경계하고 있다.,"(""공격한다."",""회피한다."",""경계한다."",""마법을 시전 한다."")","(""데스 나이트는 당신의 공격을 막아냈다."",""데스 나이트는 당신을 쳐다보고 있다."",""데스 나이트와 당신은 서로 가만히 경계하고 있다. 당신은 마나를 회복했다."",""데스 나이트에게 당신의 마법이 직격했다."")","("""","""",""mp"",""mp"")","("""","""",""10"",""-5"")","(""4"",""7"",""7"",""6"")","("""","""","""",""mat"")","("""","""","""",""-20"")","(""p1,l9"",""p2,l8"",""p0,l8"",""p0,l9"")"
L2_60,데스 나이트가 경계하고 있다.,"(""공격한다."",""회피한다."",""경계한다."",""마법을 시전 한다."")","(""데스 나이트는 당신의 공격을 가볍게 회피하고 당신을 강하게 밀쳐냈다."",""데스 나이트가 순식간에 돌진하여 공격했다. 공격은 당신을 스쳐지나갔다."",""데스 나이트가 순식간에 사라져 당신의 뒤로 이동했다. 당신은 뒤늦게 베인 것을 깨달았다."",""데스 나이트가 순식간에 사라져 당신의 뒤로 이동했다. 당신의 마법은 형편없이 사라졌고 당신의 몸에 기다란 상처가 그어졌다."")","(""hp"",""hp"",""hp"",""dothp,dt,mp"")","(""-10"",""-5"",""-15"",""-10,2,-3"")","(""4"",""5"",""4"",""6"")","("""","""","""","""")","("""","""","""","""")","(""p1,l8"",""p2,l8"",""p2,l8"",""p1,l8"")"
L2_61,데스 나이트가 경계하고 있다.,"(""공격한다."",""회피한다."",""경계한다."",""마법을 시전 한다."")","(""데스 나이트가 당신의 공격을 맞받아쳤다. 당신은 형편없이 나가떨어졌다."",""데스 나이트가 순식간에 돌진하여 공격했다. 그 공격은 당신에게 닿지 않았다. 당신은 회복 주문을 사용했다."",""데스 나이트가 순식간에 사라져 당신의 등을 찔렀다."",""데스 나이트가 순식간에 사라져 당신의 뒤로 이동했다. 당신은 고통을 느끼며 쓰러졌다."")","(""hp"",""dothp,dt,mp"",""hp"",""hp,mp"")","(""-5"",""5,10,-5"",""-12"",""-15,-3"")","(""4"",""7"",""6"",""4"")","("""","""","""","""")","("""","""","""","""")","(""p1,l8"",""p0,l8"",""p1,l8"",""p1,l8"")"
L2_62,데스 나이트가 마법을 시전하고 있다.,"(""공격한다."",""마법을 시전 한다."",""회피한다."",""경계한다."")","(""데스 나이트의 마법이 먼저 완성되었다. 당신은 마법에 직격 당했다."",""데스 나이트와 당신의 마법이 중앙에서 맞 부딪쳤다. 마법의 후폭풍이 당신에게 몰려왔다."",""데스 나이트의 마법은 당신을 스쳐지나갔다."",""당신은 적을 끝까지 지켜보다 마법을 아슬아슬하게 피해냈다."")","(""hp"",""mp,hp"",""hp"","""")","(""-20"",""-3,-15"",""-5"","""")","(""5"",""7"",""5"",""7"")","("""","""","""","""")","("""","""","""","""")","(""p1,l8"",""p2,l8"",""p2,l8"",""p0,l8"")"
L2_63,데스 나이트가 마법을 시전하고 있다.,"(""공격한다."",""마법을 시전 한다."",""회피한다."",""경계한다."")","(""당신이 공격하기 직전 데스 나이트의 마법이 완성되었다. 당신은 곧바로 회피했지만 마법에 휘말리고 말았다."",""서로의 마법은 중앙에서 소멸했다."",""당신은 데스 나이트의 마법을 아슬아슬하게 피해내고 마나를 회복했다."",""데스 나이트의 마법은 공격에 대비하던 당신을 스쳐지나갔다."")","(""hp"",""mp"",""mp"",""hp"")","(""-15"",""-5"",""10"",""-5"")","(""6"",""4"",""7"",""5"")","(""at"","""","""","""")","(""-10"","""","""","""")","(""p1,l8"",""p2,l8"",""p0,l8"",""p2,l8"")"
L2_64,데스 나이트가 당신의 주위를 배회한다.,"(""공격한다."",""마법을 시전 한다."",""회피한다."",""경계한다."")","(""데스 나이트는 당신의 공격을 맞받아쳤다. 당신은 튕겨져 바닥을 굴렀다."",""데스 나이트는 당신을 향해 공격해왔다. 당신은 데스 나이트의 공격을 별 피해 없이 막아냈다."",""당신은 데스 나이트의 마법을 아슬아슬하게 피해내고 마나를 회복했다."",""데스 나이트가 당신이 마법을 완성하기 전에 공격했다."")","(""hp"",""hp"",""mp"",""hp,mp"")","(""-10"",""-5"",""15"",""-15,-5"")","(""6"",""5"",""7"",""8"")","("""","""","""","""")","("""","""","""","""")","(""p1,l8"",""p0,l8"",""p0,l8"",""p1,l8"")"
L2_65,데스 나이트가 당신의 주위를 배회한다.,"(""공격한다."",""마법을 시전 한다."",""회피한다."",""경계한다."")","(""데스 나이트는 당신의 공격을 피하고 반격했다."",""데스 나이트는 당신을 공격했지만 당신은 침착하게 회피했다."",""데스 나이트의 공격은 당신을 스쳐지나갔다."",""당신이 마법을 거의 완성했을 때, 데스 나이트가 공격해왔다."")","(""hp"","""",""hp"",""hp,mp"")","(""-15"","""",""-5"",""-20,-5"")","(""6"",""7"",""5"",""6"")","("""","""","""","""")","("""","""","""","""")","(""p1,l8"",""p0,l8"",""p2,l8"",""p1,l8"")"
L2_70,데스 나이트가 마법을 시전하고 있다.,"(""공격한다."",""마법을 시전 한다."",""회피한다."",""경계한다."")","(""데스 나이트는 당신의 공격에 마법을 취소했다."",""당신의 마법이 데스 나이트의 마법을 소멸시키고 적에게 직격했다."",""당신은 데스 나이트의 마법을 쉽게 피해냈다."",""데스 나이트의 마법은 공격에 대비하던 당신을 스쳐지나갔다."")","("""",""mp"","""",""hp"")","("""",""-5"","""",""-5"")","(""4"",""4"",""8"",""5"")","(""at"",""mat"","""","""")","(""-15"",""-40"","""","""")","(""p0,l2"",""p0,l1"",""p0,l1"",""p2,l0"")"
L2_71,데스 나이트가 당신의 주위를 배회한다.,"(""공격한다."",""경계한다."",""회피한다."",""마법을 시전 한다."")","(""데스 나이트는 당신의 공격을 받아쳤다."",""당신과 데스 나이트는 서로 경계하고 있다. 당신은 마나를 회복했다."",""데스 나이트가 당신을 쳐다보고 있다."",""데스 나이트는 당신의 마법 시전을 막으려다 바로 앞에서 직격 당했다."")","(""hp"",""mp"","""",""mp"")","(""-5"",""10"","""",""-5"")","(""6"",""4"",""8"",""7"")","(""at"","""","""",""mat"")","(""-10"","""","""",""-40"")","(""p1,l0"",""p0,l8"",""p2,l8"",""p0,l1"")"
L2_72,데스 나이트가 가만히 서있다.,"(""공격한다."",""마법을 시전 한다."",""회복을 시도한다."")","(""데스 나이트는 당신의 공격을 몸으로 막아냈다."",""데스 나이트는 당황하며 막으려 했지만 당신의 마법은 주변 전체를 뒤덮었다."",""데스 나이트가 당신에게 공격해왔다. 당신은 회복을 포기하고 물러났다."")","("""",""mp"","""")","("""",""-5"","""")","(""5"",""6"",""4"")","(""at"",""mat"","""")","(""-3"",""-50"","""")","(""p0,l2"",""p0,l1"",""p1,l0"")"
L2_73,데스 나이트가 경계하고 있다.,"(""공격한다."",""회피한다."",""경계한다."",""마법을 시전 한다."")","(""데스 나이트는 당신의 공격을 튕겨냈다."",""데스 나이트는 회복 주문을 사용했다."",""데스 나이트는 회복 주문을 사용했다. 그 모습을 본 당신은 빠르게 공격했다."",""데스 나이트는 당신의 마법을 회피하려다 구석에 몰렸다. 마법이 데스 나이트를 휘감았다."")","("""","""","""",""mp"")","("""","""","""",""-10"")","(""8"",""6"",""7"",""5"")","("""",""hp"",""at"",""mat"")","("""",""100"",""-10"",""-50"")","(""p1,l0"",""p1,l0"",""p2,l0"",""p0,l1"")"
L2_80,데스 나이트가 수상한 행동을 보인다.,"(""경계한다."",""경계한다."",""경계한다."",""경계한다."")","(""\""고통스럽게 죽어가라.\"""",""\""다시 돌려주마.\"""",""\""하하하. 고통스러워하라.\"""",""당신은 데스 나이트의 저주를 튕겨냈다."")","(""dothp,dt"",""hp,mp"",""dothp,dt"","""")","(""-3,10"",""-15,-5"",""-5,5"","""")","(""8"",""6"",""8"",""7"")","("""","""","""","""")","("""","""","""","""")","(""p2,l12"",""p2,l12"",""p2,l12"",""p0,l3"")"
L2_81,데스 나이트가 수상한 행동을 보인다.,"(""경계한다."",""경계한다."",""경계한다."",""경계한다."")","(""\""큭.\"""",""\""좋은 마나군.\"""",""\""네 힘은 내 것이다.\"""",""\""터져라.\"""")","("""",""mp"",""dothp,dt"",""hp,mp"")","("""",""-20"",""-5,6"",""-10,-20"")","(""4"",""8"",""6"",""8"")","("""","""",""hp"","""")","("""","""",""100"","""")","(""p0,l3"",""p2,l12"",""p2,l12"",""p2,l12"")"
L2_82,데스 나이트가 수상한 행동을 보인다.,"(""경계한다."",""경계한다."",""경계한다."",""경계한다."")","(""\""네 마나는 내 것이다.\"""",""\""하하하. 썩어가라.\"""",""\""너무 느리군.\"""",""\""저런.\"""")","(""dotmp,dt"",""dotg,dt"",""c,ct"","""")","(""-3,10"",""-3,10"",""2,5"","""")","(""6"",""8"",""8"",""4"")","("""","""","""","""")","("""","""","""","""")","(""p2,l12"",""p2,l12"",""p2,l12"",""p0,l2"")"
L2_83,데스 나이트가 수상한 행동을 보인다.,"(""경계한다."",""경계한다."",""경계한다."",""경계한다."")","(""\""네가 맞아라.\"""",""\""하하하.\"""",""\""무너져라.\"""",""\""절망하라.\"""")","(""hp"","""",""dotetr,dt"",""dothp,dt,dotmp,dt,dotg,dt"")","(""-20"","""",""-2,10"",""-5,5,-5,5,-5,5"")","(""4"",""4"",""8"",""8"")","("""","""","""","""")","("""","""","""","""")","(""p2,l12"",""p0,l11"",""p2,l12"",""p2,l12"")"
W1_00,당신은 보물 방으로 진입했다.,"(""장비를 챙긴다."",""장비를 챙긴다."",""장비를 챙긴다."",""물약을 챙긴다."",""물약을 챙긴다."",""물약을 챙긴다."")","(""당신은 가지고 있는 장비보다 좋은 장비를 발견했다. 장비를 교체했다."",""당신은 가지고 있는 장비보다 좋은 장비를 발견했다. 장비를 교체했다."",""당신은 가지고 있는 장비보다 좋은 장비를 발견했다. 장비를 교체했다. 더 좋은 장비는 보이지 않는다."",""당신은 가지고 있는 장비보다 좋은 장비를 발견했다. 장비를 교체했다. 더 좋은 장비는 보이지 않는다."",""체력을 회복했다."",""마나를 회복했다."",""모든 물약을 마셨다. 더는 없다."",""쓸만한 물약이 더는 없다."")","(""etr"",""etr"",""etr"",""etr"",""hp"",""mp"",""hp,mp"",""hp,mp"")","(""10"",""10"",""10"",""10"",""8"",""4"",""10,5"",""10,5"")","(""1"",""1"","""",""1"",""1"","""")","("""","""","""","""","""","""")","("""","""","""","""","""","""")","(""p0"",""p0"",""p0"",""p0"",""p0"",""p0"")"
W1_10,아직 뭔가를 더 가져 갈 수 있다.,"(""장비를 챙긴다."",""장비를 챙긴다."",""장비를 챙긴다."",""장비를 챙긴다."",""물약을 챙긴다."",""물약을 챙긴다."",""물약을 챙긴다."",""물약을 챙긴다."")","(""당신은 가지고 있는 장비보다 좋은 장비를 발견했다. 장비를 교체했다."",""당신은 가지고 있는 장비보다 좋은 장비를 발견했다. 장비를 교체했다."",""당신은 가지고 있는 장비보다 좋은 장비를 발견했다. 장비를 교체했다. 더 좋은 장비는 보이지 않는다."",""당신은 가지고 있는 장비보다 좋은 장비를 발견했다. 장비를 교체했다. 더 좋은 장비는 보이지 않는다."",""체력을 회복했다."",""마나를 회복했다."",""모든 물약을 마셨다. 더는 없다."",""쓸만한 물약이 더는 없다."")","(""etr"",""etr"",""etr"",""etr"",""hp"",""mp"",""hp,mp"",""hp,mp"")","(""10"",""10"",""10"",""10"",""8"",""4"",""10,5"",""10,5"")","(""1"",""1"","""","""",""1"",""1"","""","""")","("""","""","""","""","""","""")","("""","""","""","""","""","""")","(""p0"",""p0"",""p0"",""p0"",""p0"",""p0"")"
X1_00,당신은 거대한 문을 발견했다.,"(""열쇠로 문을 연다."",""지나간다."")","(""다음 층으로 올라갔다."",""당신은 탐사를 이어갔다."")","(""K"","""")","("""","""")","("""","""")","("""","""")","("""","""")","(""p0"",""p8"")"